"Markettype","Trdmnt","Cmretwdos"
"10","2010-01","-0.045360"
"5","2010-01","-0.084513"
"15","2010-01","-0.084056"
"21","2010-01","-0.084603"
"31","2010-01","-0.084146"
"63","2010-01","-0.084146"
"37","2010-01","-0.084513"
"47","2010-01","-0.084056"
"53","2010-01","-0.084603"
"69","2010-01","-0.084513"
"79","2010-01","-0.084056"
"85","2010-01","-0.084603"
"95","2010-01","-0.084146"
"101","2010-01","-0.084513"
"111","2010-01","-0.084056"
"117","2010-01","-0.084603"
"127","2010-01","-0.084146"
"33","2010-01","-0.090872"
"20","2010-01","-0.064534"
"10","2010-02","0.031446"
"5","2010-02","0.031042"
"15","2010-02","0.031047"
"21","2010-02","0.031244"
"31","2010-02","0.031247"
"63","2010-02","0.031247"
"37","2010-02","0.031042"
"47","2010-02","0.031047"
"53","2010-02","0.031244"
"69","2010-02","0.031042"
"79","2010-02","0.031047"
"85","2010-02","0.031244"
"95","2010-02","0.031247"
"101","2010-02","0.031042"
"111","2010-02","0.031047"
"117","2010-02","0.031244"
"127","2010-02","0.031247"
"33","2010-02","0.025090"
"20","2010-02","0.051213"
"10","2010-03","0.031041"
"5","2010-03","0.024570"
"15","2010-03","0.024645"
"21","2010-03","0.025174"
"31","2010-03","0.025241"
"63","2010-03","0.025241"
"37","2010-03","0.024570"
"47","2010-03","0.024645"
"53","2010-03","0.025174"
"69","2010-03","0.024570"
"79","2010-03","0.024645"
"85","2010-03","0.025174"
"95","2010-03","0.025241"
"101","2010-03","0.024570"
"111","2010-03","0.024645"
"117","2010-03","0.025174"
"127","2010-03","0.025241"
"33","2010-03","0.025675"
"20","2010-03","0.023596"
"10","2010-04","-0.036106"
"5","2010-04","-0.076756"
"15","2010-04","-0.076292"
"21","2010-04","-0.077046"
"31","2010-04","-0.076580"
"63","2010-04","-0.076580"
"37","2010-04","-0.076756"
"47","2010-04","-0.076292"
"53","2010-04","-0.077046"
"69","2010-04","-0.076756"
"79","2010-04","-0.076292"
"85","2010-04","-0.077046"
"95","2010-04","-0.076580"
"101","2010-04","-0.076756"
"111","2010-04","-0.076292"
"117","2010-04","-0.077046"
"127","2010-04","-0.076580"
"33","2010-04","-0.077184"
"20","2010-04","-0.076610"
"10","2010-05","-0.120787"
"5","2010-05","-0.083506"
"15","2010-05","-0.083942"
"21","2010-05","-0.083202"
"31","2010-05","-0.083639"
"63","2010-05","-0.083639"
"37","2010-05","-0.083506"
"47","2010-05","-0.083942"
"53","2010-05","-0.083202"
"69","2010-05","-0.083506"
"79","2010-05","-0.083942"
"85","2010-05","-0.083202"
"95","2010-05","-0.083639"
"101","2010-05","-0.083506"
"111","2010-05","-0.083942"
"117","2010-05","-0.083202"
"127","2010-05","-0.083639"
"33","2010-05","-0.086534"
"20","2010-05","-0.072877"
"10","2010-06","0.016965"
"5","2010-06","-0.076230"
"15","2010-06","-0.075196"
"21","2010-06","-0.076277"
"31","2010-06","-0.075249"
"63","2010-06","-0.075249"
"37","2010-06","-0.076230"
"47","2010-06","-0.075196"
"53","2010-06","-0.076277"
"69","2010-06","-0.076230"
"79","2010-06","-0.075196"
"85","2010-06","-0.076277"
"95","2010-06","-0.075249"
"101","2010-06","-0.076230"
"111","2010-06","-0.075196"
"117","2010-06","-0.076277"
"127","2010-06","-0.075249"
"33","2010-06","-0.072458"
"20","2010-06","-0.087817"
"10","2010-07","0.150793"
"5","2010-07","0.122383"
"15","2010-07","0.122732"
"21","2010-07","0.121927"
"31","2010-07","0.122279"
"63","2010-07","0.122279"
"37","2010-07","0.122383"
"47","2010-07","0.122732"
"53","2010-07","0.121927"
"69","2010-07","0.122383"
"79","2010-07","0.122732"
"85","2010-07","0.121927"
"95","2010-07","0.122279"
"101","2010-07","0.122383"
"111","2010-07","0.122732"
"117","2010-07","0.121927"
"127","2010-07","0.122279"
"33","2010-07","0.111845"
"20","2010-07","0.152077"
"10","2010-08","0.065212"
"5","2010-08","0.025563"
"15","2010-08","0.026049"
"21","2010-08","0.025767"
"31","2010-08","0.026247"
"63","2010-08","0.026247"
"37","2010-08","0.025563"
"47","2010-08","0.026049"
"53","2010-08","0.025767"
"69","2010-08","0.025563"
"79","2010-08","0.026049"
"85","2010-08","0.025767"
"95","2010-08","0.026247"
"101","2010-08","0.025563"
"111","2010-08","0.026049"
"117","2010-08","0.025767"
"127","2010-08","0.026247"
"33","2010-08","0.003982"
"20","2010-08","0.087822"
"10","2010-09","0.071459"
"5","2010-09","0.011533"
"15","2010-09","0.012277"
"21","2010-09","0.010816"
"31","2010-09","0.011563"
"63","2010-09","0.011563"
"37","2010-09","0.011533"
"47","2010-09","0.012277"
"53","2010-09","0.010816"
"69","2010-09","0.011533"
"79","2010-09","0.012277"
"85","2010-09","0.010816"
"95","2010-09","0.011563"
"101","2010-09","0.011533"
"111","2010-09","0.012277"
"117","2010-09","0.010816"
"127","2010-09","0.011563"
"33","2010-09","0.010801"
"20","2010-09","0.010855"
"10","2010-10","0.109836"
"5","2010-10","0.120296"
"15","2010-10","0.120162"
"21","2010-10","0.120389"
"31","2010-10","0.120255"
"63","2010-10","0.120255"
"37","2010-10","0.120296"
"47","2010-10","0.120162"
"53","2010-10","0.120389"
"69","2010-10","0.120296"
"79","2010-10","0.120162"
"85","2010-10","0.120389"
"95","2010-10","0.120255"
"101","2010-10","0.120296"
"111","2010-10","0.120162"
"117","2010-10","0.120389"
"127","2010-10","0.120255"
"33","2010-10","0.120990"
"20","2010-10","0.118839"
"10","2010-11","-0.010814"
"5","2010-11","-0.044656"
"15","2010-11","-0.044238"
"21","2010-11","-0.043472"
"31","2010-11","-0.043071"
"63","2010-11","-0.043071"
"37","2010-11","-0.044656"
"47","2010-11","-0.044238"
"53","2010-11","-0.043472"
"69","2010-11","-0.044656"
"79","2010-11","-0.044238"
"85","2010-11","-0.043472"
"95","2010-11","-0.043071"
"101","2010-11","-0.044656"
"111","2010-11","-0.044238"
"117","2010-11","-0.043472"
"127","2010-11","-0.043071"
"33","2010-11","-0.054997"
"20","2010-11","-0.013001"
"10","2010-12","0.018087"
"5","2010-12","-0.008435"
"15","2010-12","-0.008135"
"21","2010-12","-0.008723"
"31","2010-12","-0.008423"
"63","2010-12","-0.008423"
"37","2010-12","-0.008435"
"47","2010-12","-0.008135"
"53","2010-12","-0.008723"
"69","2010-12","-0.008435"
"79","2010-12","-0.008135"
"85","2010-12","-0.008723"
"95","2010-12","-0.008423"
"101","2010-12","-0.008435"
"111","2010-12","-0.008135"
"117","2010-12","-0.008723"
"127","2010-12","-0.008423"
"33","2010-12","-0.008405"
"20","2010-12","-0.009637"
"10","2011-01","0.007063"
"5","2011-01","-0.019474"
"15","2011-01","-0.019173"
"21","2011-01","-0.020330"
"31","2011-01","-0.020023"
"63","2011-01","-0.020023"
"37","2011-01","-0.019474"
"47","2011-01","-0.019173"
"53","2011-01","-0.020330"
"69","2011-01","-0.019474"
"79","2011-01","-0.019173"
"85","2011-01","-0.020330"
"95","2011-01","-0.020023"
"101","2011-01","-0.019474"
"111","2011-01","-0.019173"
"117","2011-01","-0.020330"
"127","2011-01","-0.020023"
"33","2011-01","-0.005056"
"20","2011-01","-0.064289"
"10","2011-02","0.005768"
"5","2011-02","0.053010"
"15","2011-02","0.052472"
"21","2011-02","0.053127"
"31","2011-02","0.052594"
"63","2011-02","0.052594"
"37","2011-02","0.053010"
"47","2011-02","0.052472"
"53","2011-02","0.053127"
"69","2011-02","0.053010"
"79","2011-02","0.052472"
"85","2011-02","0.053127"
"95","2011-02","0.052594"
"101","2011-02","0.053010"
"111","2011-02","0.052472"
"117","2011-02","0.053127"
"127","2011-02","0.052594"
"33","2011-02","0.040288"
"20","2011-02","0.091716"
"10","2011-03","0.002776"
"5","2011-03","0.003187"
"15","2011-03","0.003183"
"21","2011-03","0.002287"
"31","2011-03","0.002292"
"63","2011-03","0.002292"
"37","2011-03","0.003187"
"47","2011-03","0.003183"
"53","2011-03","0.002287"
"69","2011-03","0.003187"
"79","2011-03","0.003183"
"85","2011-03","0.002287"
"95","2011-03","0.002292"
"101","2011-03","0.003187"
"111","2011-03","0.003183"
"117","2011-03","0.002287"
"127","2011-03","0.002292"
"33","2011-03","0.012258"
"20","2011-03","-0.025840"
"10","2011-04","-0.032589"
"5","2011-04","-0.012649"
"15","2011-04","-0.012858"
"21","2011-04","-0.013563"
"31","2011-04","-0.013760"
"63","2011-04","-0.013760"
"37","2011-04","-0.012649"
"47","2011-04","-0.012858"
"53","2011-04","-0.013563"
"69","2011-04","-0.012649"
"79","2011-04","-0.012858"
"85","2011-04","-0.013563"
"95","2011-04","-0.013760"
"101","2011-04","-0.012649"
"111","2011-04","-0.012858"
"117","2011-04","-0.013563"
"127","2011-04","-0.013760"
"33","2011-04","-0.005887"
"20","2011-04","-0.035972"
"10","2011-05","-0.057718"
"5","2011-05","-0.059936"
"15","2011-05","-0.059913"
"21","2011-05","-0.060059"
"31","2011-05","-0.060036"
"63","2011-05","-0.060036"
"37","2011-05","-0.059936"
"47","2011-05","-0.059913"
"53","2011-05","-0.060059"
"69","2011-05","-0.059936"
"79","2011-05","-0.059913"
"85","2011-05","-0.060059"
"95","2011-05","-0.060036"
"101","2011-05","-0.059936"
"111","2011-05","-0.059913"
"117","2011-05","-0.060059"
"127","2011-05","-0.060036"
"33","2011-05","-0.056524"
"20","2011-05","-0.070734"
"10","2011-06","-0.039217"
"5","2011-06","0.024017"
"15","2011-06","0.023382"
"21","2011-06","0.023841"
"31","2011-06","0.023215"
"63","2011-06","0.023215"
"37","2011-06","0.024017"
"47","2011-06","0.023382"
"53","2011-06","0.023841"
"69","2011-06","0.024017"
"79","2011-06","0.023382"
"85","2011-06","0.023841"
"95","2011-06","0.023215"
"101","2011-06","0.024017"
"111","2011-06","0.023382"
"117","2011-06","0.023841"
"127","2011-06","0.023215"
"33","2011-06","0.018117"
"20","2011-06","0.041036"
"10","2011-07","0.027625"
"5","2011-07","-0.011570"
"15","2011-07","-0.011206"
"21","2011-07","-0.010541"
"31","2011-07","-0.010190"
"63","2011-07","-0.010190"
"37","2011-07","-0.011570"
"47","2011-07","-0.011206"
"53","2011-07","-0.010541"
"69","2011-07","-0.011570"
"79","2011-07","-0.011206"
"85","2011-07","-0.010541"
"95","2011-07","-0.010190"
"101","2011-07","-0.011570"
"111","2011-07","-0.011206"
"117","2011-07","-0.010541"
"127","2011-07","-0.010190"
"33","2011-07","-0.018843"
"20","2011-07","0.013111"
"10","2011-08","-0.074913"
"5","2011-08","-0.046803"
"15","2011-08","-0.047071"
"21","2011-08","-0.045975"
"31","2011-08","-0.046247"
"63","2011-08","-0.046247"
"37","2011-08","-0.046803"
"47","2011-08","-0.047071"
"53","2011-08","-0.045975"
"69","2011-08","-0.046803"
"79","2011-08","-0.047071"
"85","2011-08","-0.045975"
"95","2011-08","-0.046247"
"101","2011-08","-0.046803"
"111","2011-08","-0.047071"
"117","2011-08","-0.045975"
"127","2011-08","-0.046247"
"33","2011-08","-0.049718"
"20","2011-08","-0.035762"
"10","2011-09","-0.136679"
"5","2011-09","-0.087819"
"15","2011-09","-0.088261"
"21","2011-09","-0.088670"
"31","2011-09","-0.089098"
"63","2011-09","-0.089098"
"37","2011-09","-0.087819"
"47","2011-09","-0.088261"
"53","2011-09","-0.088670"
"69","2011-09","-0.087819"
"79","2011-09","-0.088261"
"85","2011-09","-0.088670"
"95","2011-09","-0.089098"
"101","2011-09","-0.087819"
"111","2011-09","-0.088261"
"117","2011-09","-0.088670"
"127","2011-09","-0.089098"
"33","2011-09","-0.077640"
"20","2011-09","-0.118057"
"10","2011-10","0.090143"
"5","2011-10","0.043095"
"15","2011-10","0.043493"
"21","2011-10","0.043510"
"31","2011-10","0.043900"
"63","2011-10","0.043900"
"37","2011-10","0.043095"
"47","2011-10","0.043493"
"53","2011-10","0.043510"
"69","2011-10","0.043095"
"79","2011-10","0.043493"
"85","2011-10","0.043510"
"95","2011-10","0.043900"
"101","2011-10","0.043095"
"111","2011-10","0.043493"
"117","2011-10","0.043510"
"127","2011-10","0.043900"
"33","2011-10","0.047793"
"20","2011-10","0.031697"
"10","2011-11","-0.081619"
"5","2011-11","-0.051188"
"15","2011-11","-0.051454"
"21","2011-11","-0.050676"
"31","2011-11","-0.050942"
"63","2011-11","-0.050942"
"37","2011-11","-0.051188"
"47","2011-11","-0.051454"
"53","2011-11","-0.050676"
"69","2011-11","-0.051188"
"79","2011-11","-0.051454"
"85","2011-11","-0.050676"
"95","2011-11","-0.050942"
"101","2011-11","-0.051188"
"111","2011-11","-0.051454"
"117","2011-11","-0.050676"
"127","2011-11","-0.050942"
"33","2011-11","-0.051698"
"20","2011-11","-0.047811"
"10","2011-12","-0.037035"
"5","2011-12","-0.071647"
"15","2011-12","-0.071352"
"21","2011-12","-0.072589"
"31","2011-12","-0.072290"
"63","2011-12","-0.072290"
"37","2011-12","-0.071647"
"47","2011-12","-0.071352"
"53","2011-12","-0.072589"
"69","2011-12","-0.071647"
"79","2011-12","-0.071352"
"85","2011-12","-0.072589"
"95","2011-12","-0.072290"
"101","2011-12","-0.071647"
"111","2011-12","-0.071352"
"117","2011-12","-0.072589"
"127","2011-12","-0.072290"
"33","2011-12","-0.052638"
"20","2011-12","-0.127801"
"10","2012-01","0.035772"
"5","2012-01","0.035244"
"15","2012-01","0.035248"
"21","2012-01","0.033031"
"31","2012-01","0.033055"
"63","2012-01","0.033055"
"37","2012-01","0.035244"
"47","2012-01","0.035248"
"53","2012-01","0.033031"
"69","2012-01","0.035244"
"79","2012-01","0.035248"
"85","2012-01","0.033031"
"95","2012-01","0.033055"
"101","2012-01","0.035244"
"111","2012-01","0.035248"
"117","2012-01","0.033031"
"127","2012-01","0.033055"
"33","2012-01","0.044134"
"20","2012-01","-0.000587"
"10","2012-02","0.108632"
"5","2012-02","0.070133"
"15","2012-02","0.070469"
"21","2012-02","0.071121"
"31","2012-02","0.071443"
"63","2012-02","0.071443"
"37","2012-02","0.070133"
"47","2012-02","0.070469"
"53","2012-02","0.071121"
"69","2012-02","0.070133"
"79","2012-02","0.070469"
"85","2012-02","0.071121"
"95","2012-02","0.071443"
"101","2012-02","0.070133"
"111","2012-02","0.070469"
"117","2012-02","0.071121"
"127","2012-02","0.071443"
"33","2012-02","0.056982"
"20","2012-02","0.115374"
"10","2012-03","-0.042588"
"5","2012-03","-0.068655"
"15","2012-03","-0.068422"
"21","2012-03","-0.068869"
"31","2012-03","-0.068638"
"63","2012-03","-0.068638"
"37","2012-03","-0.068655"
"47","2012-03","-0.068422"
"53","2012-03","-0.068869"
"69","2012-03","-0.068655"
"79","2012-03","-0.068422"
"85","2012-03","-0.068869"
"95","2012-03","-0.068638"
"101","2012-03","-0.068655"
"111","2012-03","-0.068422"
"117","2012-03","-0.068869"
"127","2012-03","-0.068638"
"33","2012-03","-0.068417"
"20","2012-03","-0.070189"
"10","2012-04","0.062570"
"5","2012-04","0.060114"
"15","2012-04","0.060137"
"21","2012-04","0.059422"
"31","2012-04","0.059451"
"63","2012-04","0.059451"
"37","2012-04","0.060114"
"47","2012-04","0.060137"
"53","2012-04","0.059422"
"69","2012-04","0.060114"
"79","2012-04","0.060137"
"85","2012-04","0.059422"
"95","2012-04","0.059451"
"101","2012-04","0.060114"
"111","2012-04","0.060137"
"117","2012-04","0.059422"
"127","2012-04","0.059451"
"33","2012-04","0.059006"
"20","2012-04","0.060635"
"10","2012-05","-0.037676"
"5","2012-05","-0.001385"
"15","2012-05","-0.001710"
"21","2012-05","-0.000408"
"31","2012-05","-0.000737"
"63","2012-05","-0.000737"
"37","2012-05","-0.001385"
"47","2012-05","-0.001710"
"53","2012-05","-0.000408"
"69","2012-05","-0.001385"
"79","2012-05","-0.001710"
"85","2012-05","-0.000408"
"95","2012-05","-0.000737"
"101","2012-05","-0.001385"
"111","2012-05","-0.001710"
"117","2012-05","-0.000408"
"127","2012-05","-0.000737"
"33","2012-05","-0.009022"
"20","2012-05","0.024623"
"10","2012-06","-0.020855"
"5","2012-06","-0.051093"
"15","2012-06","-0.050828"
"21","2012-06","-0.050284"
"31","2012-06","-0.050030"
"63","2012-06","-0.050030"
"37","2012-06","-0.051093"
"47","2012-06","-0.050828"
"53","2012-06","-0.050284"
"69","2012-06","-0.051093"
"79","2012-06","-0.050828"
"85","2012-06","-0.050284"
"95","2012-06","-0.050030"
"101","2012-06","-0.051093"
"111","2012-06","-0.050828"
"117","2012-06","-0.050284"
"127","2012-06","-0.050030"
"33","2012-06","-0.048867"
"20","2012-06","-0.054260"
"10","2012-07","-0.112637"
"5","2012-07","-0.054340"
"15","2012-07","-0.054866"
"21","2012-07","-0.054982"
"31","2012-07","-0.055494"
"63","2012-07","-0.055494"
"37","2012-07","-0.054340"
"47","2012-07","-0.054866"
"53","2012-07","-0.054982"
"69","2012-07","-0.054340"
"79","2012-07","-0.054866"
"85","2012-07","-0.054982"
"95","2012-07","-0.055494"
"101","2012-07","-0.054340"
"111","2012-07","-0.054866"
"117","2012-07","-0.054982"
"127","2012-07","-0.055494"
"33","2012-07","-0.048810"
"20","2012-07","-0.072080"
"10","2012-08","0.035353"
"5","2012-08","-0.024889"
"15","2012-08","-0.024389"
"21","2012-08","-0.023347"
"31","2012-08","-0.022868"
"63","2012-08","-0.022868"
"37","2012-08","-0.024889"
"47","2012-08","-0.024389"
"53","2012-08","-0.023347"
"69","2012-08","-0.024889"
"79","2012-08","-0.024389"
"85","2012-08","-0.023347"
"95","2012-08","-0.022868"
"101","2012-08","-0.024889"
"111","2012-08","-0.024389"
"117","2012-08","-0.023347"
"127","2012-08","-0.022868"
"33","2012-08","-0.023993"
"20","2012-08","-0.021534"
"10","2012-09","0.012363"
"5","2012-09","0.025116"
"15","2012-09","0.025005"
"21","2012-09","0.024110"
"31","2012-09","0.024009"
"63","2012-09","0.024009"
"37","2012-09","0.025116"
"47","2012-09","0.025005"
"53","2012-09","0.024110"
"69","2012-09","0.025116"
"79","2012-09","0.025005"
"85","2012-09","0.024110"
"95","2012-09","0.024009"
"101","2012-09","0.025116"
"111","2012-09","0.025005"
"117","2012-09","0.024110"
"127","2012-09","0.024009"
"33","2012-09","0.024169"
"20","2012-09","0.023940"
"10","2012-10","0.017606"
"5","2012-10","-0.009486"
"15","2012-10","-0.009252"
"21","2012-10","-0.009347"
"31","2012-10","-0.009119"
"63","2012-10","-0.009119"
"37","2012-10","-0.009486"
"47","2012-10","-0.009252"
"53","2012-10","-0.009347"
"69","2012-10","-0.009486"
"79","2012-10","-0.009252"
"85","2012-10","-0.009347"
"95","2012-10","-0.009119"
"101","2012-10","-0.009486"
"111","2012-10","-0.009252"
"117","2012-10","-0.009347"
"127","2012-10","-0.009119"
"33","2012-10","-0.008950"
"20","2012-10","-0.010445"
"10","2012-11","0.002520"
"5","2012-11","-0.058453"
"15","2012-11","-0.057924"
"21","2012-11","-0.059720"
"31","2012-11","-0.059191"
"63","2012-11","-0.059191"
"37","2012-11","-0.058453"
"47","2012-11","-0.057924"
"53","2012-11","-0.059720"
"69","2012-11","-0.058453"
"79","2012-11","-0.057924"
"85","2012-11","-0.059720"
"95","2012-11","-0.059191"
"101","2012-11","-0.058453"
"111","2012-11","-0.057924"
"117","2012-11","-0.059720"
"127","2012-11","-0.059191"
"33","2012-11","-0.043043"
"20","2012-11","-0.105690"
"10","2012-12","0.151696"
"5","2012-12","0.150147"
"15","2012-12","0.150160"
"21","2012-12","0.150810"
"31","2012-12","0.150817"
"63","2012-12","0.150817"
"37","2012-12","0.150147"
"47","2012-12","0.150160"
"53","2012-12","0.150810"
"69","2012-12","0.150147"
"79","2012-12","0.150160"
"85","2012-12","0.150810"
"95","2012-12","0.150817"
"101","2012-12","0.150147"
"111","2012-12","0.150160"
"117","2012-12","0.150810"
"127","2012-12","0.150817"
"33","2012-12","0.145906"
"20","2012-12","0.165198"
"10","2013-01","0.188282"
"5","2013-01","0.050681"
"15","2013-01","0.051833"
"21","2013-01","0.051146"
"31","2013-01","0.052274"
"63","2013-01","0.052274"
"37","2013-01","0.050681"
"47","2013-01","0.051833"
"53","2013-01","0.051146"
"69","2013-01","0.050681"
"79","2013-01","0.051833"
"85","2013-01","0.051146"
"95","2013-01","0.052274"
"101","2013-01","0.050681"
"111","2013-01","0.051833"
"117","2013-01","0.051146"
"127","2013-01","0.052274"
"33","2013-01","0.046982"
"20","2013-01","0.063254"
"10","2013-02","-0.015891"
"5","2013-02","-0.001401"
"15","2013-02","-0.001539"
"21","2013-02","0.000474"
"31","2013-02","0.000321"
"63","2013-02","0.000321"
"37","2013-02","-0.001401"
"47","2013-02","-0.001539"
"53","2013-02","0.000474"
"69","2013-02","-0.001401"
"79","2013-02","-0.001539"
"85","2013-02","0.000474"
"95","2013-02","0.000321"
"101","2013-02","-0.001401"
"111","2013-02","-0.001539"
"117","2013-02","0.000474"
"127","2013-02","0.000321"
"33","2013-02","-0.009455"
"20","2013-02","0.028582"
"10","2013-03","-0.055689"
"5","2013-03","-0.051748"
"15","2013-03","-0.051785"
"21","2013-03","-0.050854"
"31","2013-03","-0.050898"
"63","2013-03","-0.050898"
"37","2013-03","-0.051748"
"47","2013-03","-0.051785"
"53","2013-03","-0.050854"
"69","2013-03","-0.051748"
"79","2013-03","-0.051785"
"85","2013-03","-0.050854"
"95","2013-03","-0.050898"
"101","2013-03","-0.051748"
"111","2013-03","-0.051785"
"117","2013-03","-0.050854"
"127","2013-03","-0.050898"
"33","2013-03","-0.053236"
"20","2013-03","-0.044437"
"10","2013-04","-0.003164"
"5","2013-04","-0.024870"
"15","2013-04","-0.024669"
"21","2013-04","-0.023977"
"31","2013-04","-0.023789"
"63","2013-04","-0.023789"
"37","2013-04","-0.024870"
"47","2013-04","-0.024669"
"53","2013-04","-0.023977"
"69","2013-04","-0.024870"
"79","2013-04","-0.024669"
"85","2013-04","-0.023977"
"95","2013-04","-0.023789"
"101","2013-04","-0.024870"
"111","2013-04","-0.024669"
"117","2013-04","-0.023977"
"127","2013-04","-0.023789"
"33","2013-04","-0.026693"
"20","2013-04","-0.016760"
"10","2013-05","0.057186"
"5","2013-05","0.073324"
"15","2013-05","0.073173"
"21","2013-05","0.076664"
"31","2013-05","0.076487"
"63","2013-05","0.076487"
"37","2013-05","0.073324"
"47","2013-05","0.073173"
"53","2013-05","0.076664"
"69","2013-05","0.073324"
"79","2013-05","0.073173"
"85","2013-05","0.076664"
"95","2013-05","0.076487"
"101","2013-05","0.073324"
"111","2013-05","0.073173"
"117","2013-05","0.076664"
"127","2013-05","0.076487"
"33","2013-05","0.056905"
"20","2013-05","0.128243"
"10","2013-06","-0.104634"
"5","2013-06","-0.135952"
"15","2013-06","-0.135669"
"21","2013-06","-0.134305"
"31","2013-06","-0.134045"
"63","2013-06","-0.134045"
"37","2013-06","-0.135952"
"47","2013-06","-0.135669"
"53","2013-06","-0.134305"
"69","2013-06","-0.135952"
"79","2013-06","-0.135669"
"85","2013-06","-0.134305"
"95","2013-06","-0.134045"
"101","2013-06","-0.135952"
"111","2013-06","-0.135669"
"117","2013-06","-0.134305"
"127","2013-06","-0.134045"
"33","2013-06","-0.127779"
"20","2013-06","-0.150024"
"10","2013-07","0.001101"
"5","2013-07","0.024461"
"15","2013-07","0.024241"
"21","2013-07","0.027570"
"31","2013-07","0.027328"
"63","2013-07","0.027328"
"37","2013-07","0.024461"
"47","2013-07","0.024241"
"53","2013-07","0.027570"
"69","2013-07","0.024461"
"79","2013-07","0.024241"
"85","2013-07","0.027570"
"95","2013-07","0.027328"
"101","2013-07","0.024461"
"111","2013-07","0.024241"
"117","2013-07","0.027570"
"127","2013-07","0.027328"
"33","2013-07","0.015445"
"20","2013-07","0.056654"
"10","2013-08","0.045848"
"5","2013-08","0.053109"
"15","2013-08","0.053047"
"21","2013-08","0.052886"
"31","2013-08","0.052828"
"63","2013-08","0.052828"
"37","2013-08","0.053109"
"47","2013-08","0.053047"
"53","2013-08","0.052886"
"69","2013-08","0.053109"
"79","2013-08","0.053047"
"85","2013-08","0.052886"
"95","2013-08","0.052828"
"101","2013-08","0.053109"
"111","2013-08","0.053047"
"117","2013-08","0.052886"
"127","2013-08","0.052828"
"33","2013-08","0.049617"
"20","2013-08","0.060745"
"10","2013-09","0.027291"
"5","2013-09","0.038658"
"15","2013-09","0.038537"
"21","2013-09","0.041999"
"31","2013-09","0.041854"
"63","2013-09","0.041854"
"37","2013-09","0.038658"
"47","2013-09","0.038537"
"53","2013-09","0.041999"
"69","2013-09","0.038658"
"79","2013-09","0.038537"
"85","2013-09","0.041999"
"95","2013-09","0.041854"
"101","2013-09","0.038658"
"111","2013-09","0.038537"
"117","2013-09","0.041999"
"127","2013-09","0.041854"
"33","2013-09","0.036149"
"20","2013-09","0.056192"
"10","2013-10","-0.003951"
"5","2013-10","-0.017304"
"15","2013-10","-0.017191"
"21","2013-10","-0.019582"
"31","2013-10","-0.019455"
"63","2013-10","-0.019455"
"37","2013-10","-0.017304"
"47","2013-10","-0.017191"
"53","2013-10","-0.019582"
"69","2013-10","-0.017304"
"79","2013-10","-0.017191"
"85","2013-10","-0.019582"
"95","2013-10","-0.019455"
"101","2013-10","-0.017304"
"111","2013-10","-0.017191"
"117","2013-10","-0.019582"
"127","2013-10","-0.019455"
"33","2013-10","-0.013596"
"20","2013-10","-0.033531"
"10","2013-11","0.048768"
"5","2013-11","0.040350"
"15","2013-11","0.040420"
"21","2013-11","0.043956"
"31","2013-11","0.043995"
"63","2013-11","0.043995"
"37","2013-11","0.040350"
"47","2013-11","0.040420"
"53","2013-11","0.043956"
"69","2013-11","0.040350"
"79","2013-11","0.040420"
"85","2013-11","0.043956"
"95","2013-11","0.043995"
"101","2013-11","0.040350"
"111","2013-11","0.040420"
"117","2013-11","0.043956"
"127","2013-11","0.043995"
"33","2013-11","0.036393"
"20","2013-11","0.061791"
"10","2013-12","-0.014552"
"5","2013-12","-0.041356"
"15","2013-12","-0.041134"
"21","2013-12","-0.041232"
"31","2013-12","-0.041019"
"63","2013-12","-0.041019"
"37","2013-12","-0.041356"
"47","2013-12","-0.041134"
"53","2013-12","-0.041232"
"69","2013-12","-0.041356"
"79","2013-12","-0.041134"
"85","2013-12","-0.041232"
"95","2013-12","-0.041019"
"101","2013-12","-0.041356"
"111","2013-12","-0.041134"
"117","2013-12","-0.041232"
"127","2013-12","-0.041019"
"33","2013-12","-0.046349"
"20","2013-12","-0.029587"
"10","2014-01","-0.024144"
"5","2014-01","-0.030869"
"15","2014-01","-0.030814"
"21","2014-01","-0.024024"
"31","2014-01","-0.024025"
"63","2014-01","-0.024025"
"37","2014-01","-0.030869"
"47","2014-01","-0.030814"
"53","2014-01","-0.024024"
"69","2014-01","-0.030869"
"79","2014-01","-0.030814"
"85","2014-01","-0.024024"
"95","2014-01","-0.024025"
"101","2014-01","-0.030869"
"111","2014-01","-0.030814"
"117","2014-01","-0.024024"
"127","2014-01","-0.024025"
"33","2014-01","-0.040829"
"20","2014-01","0.013275"
"10","2014-02","-0.043771"
"5","2014-02","0.013349"
"15","2014-02","0.012876"
"21","2014-02","0.012131"
"31","2014-02","0.011689"
"63","2014-02","0.011689"
"37","2014-02","0.013349"
"47","2014-02","0.012876"
"53","2014-02","0.012131"
"69","2014-02","0.013349"
"79","2014-02","0.012876"
"85","2014-02","0.012131"
"95","2014-02","0.011689"
"101","2014-02","0.013349"
"111","2014-02","0.012876"
"117","2014-02","0.012131"
"127","2014-02","0.011689"
"33","2014-02","0.012804"
"20","2014-02","0.010719"
"10","2014-03","-0.016977"
"5","2014-03","-0.016546"
"15","2014-03","-0.016550"
"21","2014-03","-0.019285"
"31","2014-03","-0.019268"
"63","2014-03","-0.019268"
"37","2014-03","-0.016546"
"47","2014-03","-0.016550"
"53","2014-03","-0.019285"
"69","2014-03","-0.016546"
"79","2014-03","-0.016550"
"85","2014-03","-0.019285"
"95","2014-03","-0.019268"
"101","2014-03","-0.016546"
"111","2014-03","-0.016550"
"117","2014-03","-0.019285"
"127","2014-03","-0.019268"
"33","2014-03","-0.008755"
"20","2014-03","-0.041356"
"10","2014-04","0.010234"
"5","2014-04","-0.005269"
"15","2014-04","-0.005147"
"21","2014-04","-0.005801"
"31","2014-04","-0.005680"
"63","2014-04","-0.005680"
"37","2014-04","-0.005269"
"47","2014-04","-0.005147"
"53","2014-04","-0.005801"
"69","2014-04","-0.005269"
"79","2014-04","-0.005147"
"85","2014-04","-0.005801"
"95","2014-04","-0.005680"
"101","2014-04","-0.005269"
"111","2014-04","-0.005147"
"117","2014-04","-0.005801"
"127","2014-04","-0.005680"
"33","2014-04","-0.003068"
"20","2014-04","-0.011818"
"10","2014-05","-0.023593"
"5","2014-05","0.012399"
"15","2014-05","0.012116"
"21","2014-05","0.014040"
"31","2014-05","0.013757"
"63","2014-05","0.013757"
"37","2014-05","0.012399"
"47","2014-05","0.012116"
"53","2014-05","0.014040"
"69","2014-05","0.012399"
"79","2014-05","0.012116"
"85","2014-05","0.014040"
"95","2014-05","0.013757"
"101","2014-05","0.012399"
"111","2014-05","0.012116"
"117","2014-05","0.014040"
"127","2014-05","0.013757"
"33","2014-05","0.008639"
"20","2014-05","0.025923"
"10","2014-06","0.028488"
"5","2014-06","0.022671"
"15","2014-06","0.022714"
"21","2014-06","0.025643"
"31","2014-06","0.025663"
"63","2014-06","0.025663"
"37","2014-06","0.022671"
"47","2014-06","0.022714"
"53","2014-06","0.025643"
"69","2014-06","0.022671"
"79","2014-06","0.022714"
"85","2014-06","0.025643"
"95","2014-06","0.025663"
"101","2014-06","0.022671"
"111","2014-06","0.022714"
"117","2014-06","0.025643"
"127","2014-06","0.025663"
"33","2014-06","0.019741"
"20","2014-06","0.038220"
"10","2014-07","0.089408"
"5","2014-07","0.089937"
"15","2014-07","0.089933"
"21","2014-07","0.084130"
"31","2014-07","0.084164"
"63","2014-07","0.084164"
"37","2014-07","0.089937"
"47","2014-07","0.089933"
"53","2014-07","0.084130"
"69","2014-07","0.089937"
"79","2014-07","0.089933"
"85","2014-07","0.084130"
"95","2014-07","0.084164"
"101","2014-07","0.089937"
"111","2014-07","0.089933"
"117","2014-07","0.084130"
"127","2014-07","0.084164"
"33","2014-07","0.091006"
"20","2014-07","0.070074"
"10","2014-08","0.045482"
"5","2014-08","0.014691"
"15","2014-08","0.014898"
"21","2014-08","0.017503"
"31","2014-08","0.017682"
"63","2014-08","0.017682"
"37","2014-08","0.014691"
"47","2014-08","0.014898"
"53","2014-08","0.017503"
"69","2014-08","0.014691"
"79","2014-08","0.014898"
"85","2014-08","0.017503"
"95","2014-08","0.017682"
"101","2014-08","0.014691"
"111","2014-08","0.014898"
"117","2014-08","0.017503"
"127","2014-08","0.017682"
"33","2014-08","0.003789"
"20","2014-08","0.045625"
"10","2014-09","0.056220"
"5","2014-09","0.077237"
"15","2014-09","0.077093"
"21","2014-09","0.079439"
"31","2014-09","0.079288"
"63","2014-09","0.079288"
"37","2014-09","0.077237"
"47","2014-09","0.077093"
"53","2014-09","0.079439"
"69","2014-09","0.077237"
"79","2014-09","0.077093"
"85","2014-09","0.079439"
"95","2014-09","0.079288"
"101","2014-09","0.077237"
"111","2014-09","0.077093"
"117","2014-09","0.079439"
"127","2014-09","0.079288"
"33","2014-09","0.066752"
"20","2014-09","0.104053"
"10","2014-10","-0.012955"
"5","2014-10","0.023570"
"15","2014-10","0.023320"
"21","2014-10","0.022208"
"31","2014-10","0.021980"
"63","2014-10","0.021980"
"37","2014-10","0.023570"
"47","2014-10","0.023320"
"53","2014-10","0.022208"
"69","2014-10","0.023570"
"79","2014-10","0.023320"
"85","2014-10","0.022208"
"95","2014-10","0.021980"
"101","2014-10","0.023570"
"111","2014-10","0.023320"
"117","2014-10","0.022208"
"127","2014-10","0.021980"
"33","2014-10","0.026438"
"20","2014-10","0.014296"
"10","2014-11","0.033258"
"5","2014-11","0.095712"
"15","2014-11","0.095298"
"21","2014-11","0.093638"
"31","2014-11","0.093259"
"63","2014-11","0.093259"
"37","2014-11","0.095712"
"47","2014-11","0.095298"
"53","2014-11","0.093638"
"69","2014-11","0.095712"
"79","2014-11","0.095298"
"85","2014-11","0.093638"
"95","2014-11","0.093259"
"101","2014-11","0.095712"
"111","2014-11","0.095298"
"117","2014-11","0.093638"
"127","2014-11","0.093259"
"33","2014-11","0.112896"
"20","2014-11","0.057283"
"10","2014-12","0.040783"
"5","2014-12","0.165543"
"15","2014-12","0.164797"
"21","2014-12","0.151617"
"31","2014-12","0.150989"
"63","2014-12","0.150989"
"37","2014-12","0.165543"
"47","2014-12","0.164797"
"53","2014-12","0.151617"
"69","2014-12","0.165543"
"79","2014-12","0.164797"
"85","2014-12","0.151617"
"95","2014-12","0.150989"
"101","2014-12","0.165543"
"111","2014-12","0.164797"
"117","2014-12","0.151617"
"127","2014-12","0.150989"
"33","2014-12","0.219892"
"20","2014-12","0.014633"
"10","2015-01","0.019885"
"5","2015-01","0.007826"
"15","2015-01","0.007891"
"21","2015-01","0.012618"
"31","2015-01","0.012656"
"63","2015-01","0.012656"
"37","2015-01","0.007826"
"47","2015-01","0.007891"
"53","2015-01","0.012618"
"69","2015-01","0.007826"
"79","2015-01","0.007891"
"85","2015-01","0.012618"
"95","2015-01","0.012656"
"101","2015-01","0.007826"
"111","2015-01","0.007891"
"117","2015-01","0.012618"
"127","2015-01","0.012656"
"33","2015-01","-0.008813"
"20","2015-01","0.065280"
"10","2015-02","0.028866"
"5","2015-02","0.040310"
"15","2015-02","0.040247"
"21","2015-02","0.045060"
"31","2015-02","0.044975"
"63","2015-02","0.044975"
"37","2015-02","0.040310"
"47","2015-02","0.040247"
"53","2015-02","0.045060"
"69","2015-02","0.040310"
"79","2015-02","0.040247"
"85","2015-02","0.045060"
"95","2015-02","0.044975"
"101","2015-02","0.040310"
"111","2015-02","0.040247"
"117","2015-02","0.045060"
"127","2015-02","0.044975"
"33","2015-02","0.029338"
"20","2015-02","0.080898"
"10","2015-03","0.047462"
"5","2015-03","0.148415"
"15","2015-03","0.147871"
"21","2015-03","0.153807"
"31","2015-03","0.153262"
"63","2015-03","0.153262"
"37","2015-03","0.148415"
"47","2015-03","0.147871"
"53","2015-03","0.153807"
"69","2015-03","0.148415"
"79","2015-03","0.147871"
"85","2015-03","0.153807"
"95","2015-03","0.153262"
"101","2015-03","0.148415"
"111","2015-03","0.147871"
"117","2015-03","0.153807"
"127","2015-03","0.153262"
"33","2015-03","0.128868"
"20","2015-03","0.208135"
"10","2015-04","0.286062"
"5","2015-04","0.178340"
"15","2015-04","0.178866"
"21","2015-04","0.179860"
"31","2015-04","0.180350"
"63","2015-04","0.180350"
"37","2015-04","0.178340"
"47","2015-04","0.178866"
"53","2015-04","0.179860"
"69","2015-04","0.178340"
"79","2015-04","0.178866"
"85","2015-04","0.179860"
"95","2015-04","0.180350"
"101","2015-04","0.178340"
"111","2015-04","0.178866"
"117","2015-04","0.179860"
"127","2015-04","0.180350"
"33","2015-04","0.188764"
"20","2015-04","0.161773"
"10","2015-05","0.163138"
"5","2015-05","0.067707"
"15","2015-05","0.068199"
"21","2015-05","0.084202"
"31","2015-05","0.084587"
"63","2015-05","0.084587"
"37","2015-05","0.067707"
"47","2015-05","0.068199"
"53","2015-05","0.084202"
"69","2015-05","0.067707"
"79","2015-05","0.068199"
"85","2015-05","0.084202"
"95","2015-05","0.084587"
"101","2015-05","0.067707"
"111","2015-05","0.068199"
"117","2015-05","0.084202"
"127","2015-05","0.084587"
"33","2015-05","0.017099"
"20","2015-05","0.224528"
"10","2015-06","-0.097052"
"5","2015-06","-0.069175"
"15","2015-06","-0.069333"
"21","2015-06","-0.077816"
"31","2015-06","-0.077917"
"63","2015-06","-0.077917"
"37","2015-06","-0.069175"
"47","2015-06","-0.069333"
"53","2015-06","-0.077816"
"69","2015-06","-0.069175"
"79","2015-06","-0.069333"
"85","2015-06","-0.077816"
"95","2015-06","-0.077917"
"101","2015-06","-0.069175"
"111","2015-06","-0.069333"
"117","2015-06","-0.077816"
"127","2015-06","-0.077917"
"33","2015-06","-0.056940"
"20","2015-06","-0.114480"
"5","2015-07","-0.149457"
"10","2015-07","-0.193828"
"15","2015-07","-0.149695"
"21","2015-07","-0.149658"
"31","2015-07","-0.149880"
"63","2015-07","-0.149880"
"37","2015-07","-0.149457"
"47","2015-07","-0.149695"
"53","2015-07","-0.149658"
"69","2015-07","-0.149457"
"79","2015-07","-0.149695"
"85","2015-07","-0.149658"
"95","2015-07","-0.149880"
"101","2015-07","-0.149457"
"111","2015-07","-0.149695"
"117","2015-07","-0.149658"
"127","2015-07","-0.149880"
"33","2015-07","-0.139439"
"20","2015-07","-0.169575"
"10","2015-08","-0.160903"
"5","2015-08","-0.135950"
"15","2015-08","-0.136077"
"21","2015-08","-0.141968"
"31","2015-08","-0.142058"
"63","2015-08","-0.142058"
"37","2015-08","-0.135950"
"47","2015-08","-0.136077"
"53","2015-08","-0.141968"
"69","2015-08","-0.135950"
"79","2015-08","-0.136077"
"85","2015-08","-0.141968"
"95","2015-08","-0.142058"
"101","2015-08","-0.135950"
"111","2015-08","-0.136077"
"117","2015-08","-0.141968"
"127","2015-08","-0.142058"
"33","2015-08","-0.126751"
"20","2015-08","-0.173000"
"10","2015-09","0.005092"
"5","2015-09","-0.058022"
"15","2015-09","-0.057682"
"21","2015-09","-0.052589"
"31","2015-09","-0.052296"
"63","2015-09","-0.052296"
"37","2015-09","-0.058022"
"47","2015-09","-0.057682"
"53","2015-09","-0.052589"
"69","2015-09","-0.058022"
"79","2015-09","-0.057682"
"85","2015-09","-0.052589"
"95","2015-09","-0.052296"
"101","2015-09","-0.058022"
"111","2015-09","-0.057682"
"117","2015-09","-0.052589"
"127","2015-09","-0.052296"
"33","2015-09","-0.049383"
"20","2015-09","-0.059120"
"10","2015-10","0.137259"
"5","2015-10","0.133979"
"15","2015-10","0.133998"
"21","2015-10","0.139752"
"31","2015-10","0.139738"
"63","2015-10","0.139738"
"37","2015-10","0.133979"
"47","2015-10","0.133998"
"53","2015-10","0.139752"
"69","2015-10","0.133979"
"79","2015-10","0.133998"
"85","2015-10","0.139752"
"95","2015-10","0.139738"
"101","2015-10","0.133979"
"111","2015-10","0.133998"
"117","2015-10","0.139752"
"127","2015-10","0.139738"
"33","2015-10","0.111464"
"20","2015-10","0.194735"
"10","2015-11","0.053973"
"5","2015-11","0.031874"
"15","2015-11","0.031999"
"21","2015-11","0.038851"
"31","2015-11","0.038931"
"63","2015-11","0.038931"
"37","2015-11","0.031874"
"47","2015-11","0.031999"
"53","2015-11","0.038851"
"69","2015-11","0.031874"
"79","2015-11","0.031999"
"85","2015-11","0.038851"
"95","2015-11","0.038931"
"101","2015-11","0.031874"
"111","2015-11","0.031999"
"117","2015-11","0.038851"
"127","2015-11","0.038931"
"33","2015-11","0.014196"
"20","2015-11","0.082176"
"10","2015-12","0.109243"
"5","2015-12","0.039950"
"15","2015-12","0.040325"
"21","2015-12","0.039778"
"31","2015-12","0.040125"
"63","2015-12","0.040125"
"37","2015-12","0.039950"
"47","2015-12","0.040325"
"53","2015-12","0.039778"
"69","2015-12","0.039950"
"79","2015-12","0.040325"
"85","2015-12","0.039778"
"95","2015-12","0.040125"
"101","2015-12","0.039950"
"111","2015-12","0.040325"
"117","2015-12","0.039778"
"127","2015-12","0.040125"
"33","2015-12","0.027475"
"20","2015-12","0.060153"
"10","2016-01","-0.171101"
"5","2016-01","-0.244570"
"15","2016-01","-0.244153"
"21","2016-01","-0.249394"
"31","2016-01","-0.248982"
"63","2016-01","-0.248982"
"37","2016-01","-0.244570"
"47","2016-01","-0.244153"
"53","2016-01","-0.249394"
"69","2016-01","-0.244570"
"79","2016-01","-0.244153"
"85","2016-01","-0.249394"
"95","2016-01","-0.248982"
"101","2016-01","-0.244570"
"111","2016-01","-0.244153"
"117","2016-01","-0.249394"
"127","2016-01","-0.248982"
"33","2016-01","-0.225688"
"20","2016-01","-0.288119"
"10","2016-02","-0.033099"
"5","2016-02","-0.018642"
"15","2016-02","-0.018727"
"21","2016-02","-0.021766"
"31","2016-02","-0.021828"
"63","2016-02","-0.021828"
"37","2016-02","-0.018642"
"47","2016-02","-0.018727"
"53","2016-02","-0.021766"
"69","2016-02","-0.018642"
"79","2016-02","-0.018727"
"85","2016-02","-0.021766"
"95","2016-02","-0.021828"
"101","2016-02","-0.018642"
"111","2016-02","-0.018727"
"117","2016-02","-0.021766"
"127","2016-02","-0.021828"
"33","2016-02","-0.016489"
"20","2016-02","-0.031214"
"10","2016-03","0.088506"
"5","2016-03","0.135210"
"15","2016-03","0.134937"
"21","2016-03","0.140934"
"31","2016-03","0.140648"
"63","2016-03","0.140648"
"37","2016-03","0.135210"
"47","2016-03","0.134937"
"53","2016-03","0.140934"
"69","2016-03","0.135210"
"79","2016-03","0.134937"
"85","2016-03","0.140934"
"95","2016-03","0.140648"
"101","2016-03","0.135210"
"111","2016-03","0.134937"
"117","2016-03","0.140934"
"127","2016-03","0.140648"
"33","2016-03","0.119371"
"20","2016-03","0.179570"
"10","2016-04","-0.017959"
"5","2016-04","-0.019588"
"15","2016-04","-0.019579"
"21","2016-04","-0.019968"
"31","2016-04","-0.019957"
"63","2016-04","-0.019957"
"37","2016-04","-0.019588"
"47","2016-04","-0.019579"
"53","2016-04","-0.019968"
"69","2016-04","-0.019588"
"79","2016-04","-0.019579"
"85","2016-04","-0.019968"
"95","2016-04","-0.019957"
"101","2016-04","-0.019588"
"111","2016-04","-0.019579"
"117","2016-04","-0.019968"
"127","2016-04","-0.019957"
"33","2016-04","-0.020227"
"20","2016-04","-0.019527"
"10","2016-05","-0.056501"
"5","2016-05","-0.005593"
"15","2016-05","-0.005881"
"21","2016-05","-0.003879"
"31","2016-05","-0.004155"
"63","2016-05","-0.004155"
"37","2016-05","-0.005593"
"47","2016-05","-0.005881"
"53","2016-05","-0.003879"
"69","2016-05","-0.005593"
"79","2016-05","-0.005881"
"85","2016-05","-0.003879"
"95","2016-05","-0.004155"
"101","2016-05","-0.005593"
"111","2016-05","-0.005881"
"117","2016-05","-0.003879"
"127","2016-05","-0.004155"
"33","2016-05","-0.004695"
"20","2016-05","-0.002471"
"10","2016-06","0.012442"
"5","2016-06","0.019851"
"15","2016-06","0.019811"
"21","2016-06","0.024443"
"31","2016-06","0.024383"
"63","2016-06","0.024383"
"37","2016-06","0.019851"
"47","2016-06","0.019811"
"53","2016-06","0.024443"
"69","2016-06","0.019851"
"79","2016-06","0.019811"
"85","2016-06","0.024443"
"95","2016-06","0.024383"
"101","2016-06","0.019851"
"111","2016-06","0.019811"
"117","2016-06","0.024443"
"127","2016-06","0.024383"
"33","2016-06","0.007376"
"20","2016-06","0.053563"
"10","2016-07","0.015217"
"5","2016-07","0.019821"
"15","2016-07","0.019796"
"21","2016-07","0.013440"
"31","2016-07","0.013449"
"63","2016-07","0.013449"
"37","2016-07","0.019821"
"47","2016-07","0.019796"
"53","2016-07","0.013440"
"69","2016-07","0.019821"
"79","2016-07","0.019796"
"85","2016-07","0.013440"
"95","2016-07","0.013449"
"101","2016-07","0.019821"
"111","2016-07","0.019796"
"117","2016-07","0.013440"
"127","2016-07","0.013449"
"33","2016-07","0.031782"
"20","2016-07","-0.015173"
"10","2016-08","0.027074"
"5","2016-08","0.041275"
"15","2016-08","0.041198"
"21","2016-08","0.041826"
"31","2016-08","0.041752"
"63","2016-08","0.041752"
"37","2016-08","0.041275"
"47","2016-08","0.041198"
"53","2016-08","0.041826"
"69","2016-08","0.041275"
"79","2016-08","0.041198"
"85","2016-08","0.041826"
"95","2016-08","0.041752"
"101","2016-08","0.041275"
"111","2016-08","0.041198"
"117","2016-08","0.041826"
"127","2016-08","0.041752"
"33","2016-08","0.037344"
"20","2016-08","0.049075"
"10","2016-09","0.007799"
"5","2016-09","-0.019371"
"15","2016-09","-0.019226"
"21","2016-09","-0.019616"
"31","2016-09","-0.019481"
"63","2016-09","-0.019481"
"37","2016-09","-0.019371"
"47","2016-09","-0.019226"
"53","2016-09","-0.019616"
"69","2016-09","-0.019371"
"79","2016-09","-0.019226"
"85","2016-09","-0.019616"
"95","2016-09","-0.019481"
"101","2016-09","-0.019371"
"111","2016-09","-0.019226"
"117","2016-09","-0.019616"
"127","2016-09","-0.019481"
"33","2016-09","-0.023223"
"20","2016-09","-0.013931"
"10","2016-10","-0.027883"
"5","2016-10","0.030238"
"15","2016-10","0.029915"
"21","2016-10","0.029781"
"31","2016-10","0.029485"
"63","2016-10","0.029485"
"37","2016-10","0.030238"
"47","2016-10","0.029915"
"53","2016-10","0.029781"
"69","2016-10","0.030238"
"79","2016-10","0.029915"
"85","2016-10","0.029781"
"95","2016-10","0.029485"
"101","2016-10","0.030238"
"111","2016-10","0.029915"
"117","2016-10","0.029781"
"127","2016-10","0.029485"
"33","2016-10","0.031813"
"20","2016-10","0.026580"
"10","2016-11","0.010176"
"5","2016-11","0.044556"
"15","2016-11","0.044382"
"21","2016-11","0.042922"
"31","2016-11","0.042769"
"63","2016-11","0.042769"
"37","2016-11","0.044556"
"47","2016-11","0.044382"
"53","2016-11","0.042922"
"69","2016-11","0.044556"
"79","2016-11","0.044382"
"85","2016-11","0.042922"
"95","2016-11","0.042769"
"101","2016-11","0.044556"
"111","2016-11","0.044382"
"117","2016-11","0.042922"
"127","2016-11","0.042769"
"33","2016-11","0.052452"
"20","2016-11","0.028035"
"10","2016-12","-0.024141"
"5","2016-12","-0.044622"
"15","2016-12","-0.044515"
"21","2016-12","-0.048279"
"31","2016-12","-0.048163"
"63","2016-12","-0.048163"
"37","2016-12","-0.044622"
"47","2016-12","-0.044515"
"53","2016-12","-0.048279"
"69","2016-12","-0.044622"
"79","2016-12","-0.044515"
"85","2016-12","-0.048279"
"95","2016-12","-0.048163"
"101","2016-12","-0.044622"
"111","2016-12","-0.044515"
"117","2016-12","-0.048279"
"127","2016-12","-0.048163"
"33","2016-12","-0.039725"
"20","2016-12","-0.061834"
"5","2017-01","0.014058"
"10","2017-01","-0.010948"
"15","2017-01","0.013925"
"21","2017-01","0.009602"
"31","2017-01","0.009501"
"63","2017-01","0.009501"
"37","2017-01","0.014058"
"47","2017-01","0.013925"
"53","2017-01","0.009602"
"69","2017-01","0.014058"
"79","2017-01","0.013925"
"85","2017-01","0.009602"
"95","2017-01","0.009501"
"101","2017-01","0.014058"
"111","2017-01","0.013925"
"117","2017-01","0.009602"
"127","2017-01","0.009501"
"33","2017-01","0.026849"
"20","2017-01","-0.018069"
"5","2017-02","0.026171"
"10","2017-02","0.029941"
"15","2017-02","0.026190"
"21","2017-02","0.026891"
"31","2017-02","0.026905"
"63","2017-02","0.026905"
"37","2017-02","0.026171"
"47","2017-02","0.026190"
"53","2017-02","0.026891"
"69","2017-02","0.026171"
"79","2017-02","0.026190"
"85","2017-02","0.026891"
"95","2017-02","0.026905"
"101","2017-02","0.026171"
"111","2017-02","0.026190"
"117","2017-02","0.026891"
"127","2017-02","0.026905"
"33","2017-02","0.020753"
"20","2017-02","0.037100"
"10","2017-03","-0.020995"
"5","2017-03","-0.004680"
"15","2017-03","-0.004762"
"21","2017-03","-0.005422"
"31","2017-03","-0.005494"
"63","2017-03","-0.005494"
"37","2017-03","-0.004680"
"47","2017-03","-0.004762"
"53","2017-03","-0.005422"
"69","2017-03","-0.004680"
"79","2017-03","-0.004762"
"85","2017-03","-0.005422"
"95","2017-03","-0.005494"
"101","2017-03","-0.004680"
"111","2017-03","-0.004762"
"117","2017-03","-0.005422"
"127","2017-03","-0.005494"
"33","2017-03","-0.005820"
"20","2017-03","-0.004765"
"10","2017-04","-0.012887"
"5","2017-04","-0.021656"
"15","2017-04","-0.021613"
"21","2017-04","-0.023783"
"31","2017-04","-0.023733"
"63","2017-04","-0.023733"
"37","2017-04","-0.021656"
"47","2017-04","-0.021613"
"53","2017-04","-0.023783"
"69","2017-04","-0.021656"
"79","2017-04","-0.021613"
"85","2017-04","-0.023783"
"95","2017-04","-0.023733"
"101","2017-04","-0.021656"
"111","2017-04","-0.021613"
"117","2017-04","-0.023783"
"127","2017-04","-0.023733"
"33","2017-04","-0.016252"
"20","2017-04","-0.036098"
"10","2017-05","-0.038431"
"5","2017-05","-0.015640"
"15","2017-05","-0.015755"
"21","2017-05","-0.018796"
"31","2017-05","-0.018888"
"63","2017-05","-0.018888"
"37","2017-05","-0.015640"
"47","2017-05","-0.015755"
"53","2017-05","-0.018796"
"69","2017-05","-0.015640"
"79","2017-05","-0.015755"
"85","2017-05","-0.018796"
"95","2017-05","-0.018888"
"101","2017-05","-0.015640"
"111","2017-05","-0.015755"
"117","2017-05","-0.018796"
"127","2017-05","-0.018888"
"33","2017-05","-0.000692"
"20","2017-05","-0.049635"
"10","2017-06","0.047173"
"5","2017-06","0.043208"
"15","2017-06","0.043227"
"21","2017-06","0.042120"
"31","2017-06","0.042143"
"63","2017-06","0.042143"
"37","2017-06","0.043208"
"47","2017-06","0.043227"
"53","2017-06","0.042120"
"69","2017-06","0.043208"
"79","2017-06","0.043227"
"85","2017-06","0.042120"
"95","2017-06","0.042143"
"101","2017-06","0.043208"
"111","2017-06","0.043227"
"117","2017-06","0.042120"
"127","2017-06","0.042143"
"33","2017-06","0.031672"
"20","2017-06","0.060690"
"10","2017-07","0.031029"
"5","2017-07","0.034548"
"15","2017-07","0.034531"
"21","2017-07","0.029051"
"31","2017-07","0.029060"
"63","2017-07","0.029060"
"37","2017-07","0.034548"
"47","2017-07","0.034531"
"53","2017-07","0.029051"
"69","2017-07","0.034548"
"79","2017-07","0.034531"
"85","2017-07","0.029051"
"95","2017-07","0.029060"
"101","2017-07","0.034548"
"111","2017-07","0.034531"
"117","2017-07","0.029051"
"127","2017-07","0.029060"
"33","2017-07","0.048191"
"20","2017-07","-0.002962"
"10","2017-08","0.002653"
"5","2017-08","0.024840"
"15","2017-08","0.024733"
"21","2017-08","0.027342"
"31","2017-08","0.027231"
"63","2017-08","0.027231"
"37","2017-08","0.024840"
"47","2017-08","0.024733"
"53","2017-08","0.027342"
"69","2017-08","0.024840"
"79","2017-08","0.024733"
"85","2017-08","0.027342"
"95","2017-08","0.027231"
"101","2017-08","0.024840"
"111","2017-08","0.024733"
"117","2017-08","0.027342"
"127","2017-08","0.027231"
"33","2017-08","0.025324"
"20","2017-08","0.030869"
"10","2017-09","0.045350"
"5","2017-09","0.006382"
"15","2017-09","0.006556"
"21","2017-09","0.007729"
"31","2017-09","0.007885"
"63","2017-09","0.007885"
"37","2017-09","0.006382"
"47","2017-09","0.006556"
"53","2017-09","0.007729"
"69","2017-09","0.006382"
"79","2017-09","0.006556"
"85","2017-09","0.007729"
"95","2017-09","0.007885"
"101","2017-09","0.006382"
"111","2017-09","0.006556"
"117","2017-09","0.007729"
"127","2017-09","0.007885"
"33","2017-09","-0.001234"
"20","2017-09","0.023376"
"10","2017-10","-0.009905"
"5","2017-10","0.016600"
"15","2017-10","0.016476"
"21","2017-10","0.014066"
"31","2017-10","0.013962"
"63","2017-10","0.013962"
"37","2017-10","0.016600"
"47","2017-10","0.016476"
"53","2017-10","0.014066"
"69","2017-10","0.016600"
"79","2017-10","0.016476"
"85","2017-10","0.014066"
"95","2017-10","0.013962"
"101","2017-10","0.016600"
"111","2017-10","0.016476"
"117","2017-10","0.014066"
"127","2017-10","0.013962"
"33","2017-10","0.016981"
"20","2017-10","0.009157"
"10","2017-11","-0.051200"
"5","2017-11","-0.022532"
"15","2017-11","-0.022660"
"21","2017-11","-0.025873"
"31","2017-11","-0.025978"
"63","2017-11","-0.025978"
"37","2017-11","-0.022532"
"47","2017-11","-0.022660"
"53","2017-11","-0.025873"
"69","2017-11","-0.022532"
"79","2017-11","-0.022660"
"85","2017-11","-0.025873"
"95","2017-11","-0.025978"
"101","2017-11","-0.022532"
"111","2017-11","-0.022660"
"117","2017-11","-0.025873"
"127","2017-11","-0.025978"
"33","2017-11","-0.013790"
"20","2017-11","-0.046276"
"10","2017-12","0.018631"
"5","2017-12","0.001755"
"15","2017-12","0.001826"
"21","2017-12","0.000886"
"31","2017-12","0.000956"
"63","2017-12","0.000956"
"37","2017-12","0.001755"
"47","2017-12","0.001826"
"53","2017-12","0.000886"
"69","2017-12","0.001755"
"79","2017-12","0.001826"
"85","2017-12","0.000886"
"95","2017-12","0.000956"
"101","2017-12","0.001755"
"111","2017-12","0.001826"
"117","2017-12","0.000886"
"127","2017-12","0.000956"
"33","2017-12","0.000206"
"20","2017-12","0.002070"
"10","2018-01","0.018578"
"5","2018-01","0.045015"
"15","2018-01","0.044905"
"21","2018-01","0.039331"
"31","2018-01","0.039250"
"63","2018-01","0.039250"
"37","2018-01","0.045015"
"47","2018-01","0.044905"
"53","2018-01","0.039331"
"69","2018-01","0.045015"
"79","2018-01","0.044905"
"85","2018-01","0.039331"
"95","2018-01","0.039250"
"101","2018-01","0.045015"
"111","2018-01","0.044905"
"117","2018-01","0.039331"
"127","2018-01","0.039250"
"33","2018-01","0.063495"
"20","2018-01","-0.002363"
"10","2018-02","-0.041708"
"5","2018-02","-0.059044"
"15","2018-02","-0.058976"
"21","2018-02","-0.056415"
"31","2018-02","-0.056361"
"63","2018-02","-0.056361"
"37","2018-02","-0.059044"
"47","2018-02","-0.058976"
"53","2018-02","-0.056415"
"69","2018-02","-0.059044"
"79","2018-02","-0.058976"
"85","2018-02","-0.056415"
"95","2018-02","-0.056361"
"101","2018-02","-0.059044"
"111","2018-02","-0.058976"
"117","2018-02","-0.056415"
"127","2018-02","-0.056361"
"33","2018-02","-0.064981"
"20","2018-02","-0.040514"
"10","2018-03","-0.005650"
"5","2018-03","-0.022536"
"15","2018-03","-0.022469"
"21","2018-03","-0.014682"
"31","2018-03","-0.014648"
"63","2018-03","-0.014648"
"37","2018-03","-0.022536"
"47","2018-03","-0.022469"
"53","2018-03","-0.014682"
"69","2018-03","-0.022536"
"79","2018-03","-0.022469"
"85","2018-03","-0.014682"
"95","2018-03","-0.014648"
"101","2018-03","-0.022536"
"111","2018-03","-0.022469"
"117","2018-03","-0.014682"
"127","2018-03","-0.014648"
"33","2018-03","-0.031083"
"20","2018-03","0.015258"
"10","2018-04","-0.044797"
"5","2018-04","-0.032808"
"15","2018-04","-0.032856"
"21","2018-04","-0.033125"
"31","2018-04","-0.033169"
"63","2018-04","-0.033169"
"37","2018-04","-0.032808"
"47","2018-04","-0.032856"
"53","2018-04","-0.033125"
"69","2018-04","-0.032808"
"79","2018-04","-0.032856"
"85","2018-04","-0.033125"
"95","2018-04","-0.033169"
"101","2018-04","-0.032808"
"111","2018-04","-0.032856"
"117","2018-04","-0.033125"
"127","2018-04","-0.033169"
"33","2018-04","-0.026195"
"20","2018-04","-0.045040"
"10","2018-05","-0.010375"
"5","2018-05","0.004277"
"15","2018-05","0.004219"
"21","2018-05","0.001419"
"31","2018-05","0.001376"
"63","2018-05","0.001376"
"37","2018-05","0.004277"
"47","2018-05","0.004219"
"53","2018-05","0.001419"
"69","2018-05","0.004277"
"79","2018-05","0.004219"
"85","2018-05","0.001419"
"95","2018-05","0.001376"
"101","2018-05","0.004277"
"111","2018-05","0.004219"
"117","2018-05","0.001419"
"127","2018-05","0.001376"
"33","2018-05","0.005090"
"20","2018-05","-0.004962"
"10","2018-06","-0.038821"
"5","2018-06","-0.077977"
"15","2018-06","-0.077826"
"21","2018-06","-0.078836"
"31","2018-06","-0.078693"
"63","2018-06","-0.078693"
"37","2018-06","-0.077977"
"47","2018-06","-0.077826"
"53","2018-06","-0.078836"
"69","2018-06","-0.077977"
"79","2018-06","-0.077826"
"85","2018-06","-0.078836"
"95","2018-06","-0.078693"
"101","2018-06","-0.077977"
"111","2018-06","-0.077826"
"117","2018-06","-0.078836"
"127","2018-06","-0.078693"
"33","2018-06","-0.069115"
"20","2018-06","-0.095820"
"10","2018-07","0.005656"
"5","2018-07","0.014920"
"15","2018-07","0.014881"
"21","2018-07","0.011864"
"31","2018-07","0.011840"
"63","2018-07","0.011840"
"37","2018-07","0.014920"
"47","2018-07","0.014881"
"53","2018-07","0.011864"
"69","2018-07","0.014920"
"79","2018-07","0.014881"
"85","2018-07","0.011864"
"95","2018-07","0.011840"
"101","2018-07","0.014920"
"111","2018-07","0.014881"
"117","2018-07","0.011864"
"127","2018-07","0.011840"
"33","2018-07","0.027106"
"20","2018-07","-0.015472"
"10","2018-08","-0.038510"
"5","2018-08","-0.054974"
"15","2018-08","-0.054905"
"21","2018-08","-0.056920"
"31","2018-08","-0.056849"
"63","2018-08","-0.056849"
"37","2018-08","-0.054974"
"47","2018-08","-0.054905"
"53","2018-08","-0.056920"
"69","2018-08","-0.054974"
"79","2018-08","-0.054905"
"85","2018-08","-0.056920"
"95","2018-08","-0.056849"
"101","2018-08","-0.054974"
"111","2018-08","-0.054905"
"117","2018-08","-0.056920"
"127","2018-08","-0.056849"
"33","2018-08","-0.045158"
"20","2018-08","-0.078676"
"10","2018-09","-0.002301"
"5","2018-09","0.028756"
"15","2018-09","0.028625"
"21","2018-09","0.025810"
"31","2018-09","0.025700"
"63","2018-09","0.025700"
"37","2018-09","0.028756"
"47","2018-09","0.028625"
"53","2018-09","0.025810"
"69","2018-09","0.028756"
"79","2018-09","0.028625"
"85","2018-09","0.025810"
"95","2018-09","0.025700"
"101","2018-09","0.028756"
"111","2018-09","0.028625"
"117","2018-09","0.025810"
"127","2018-09","0.025700"
"33","2018-09","0.042378"
"20","2018-09","-0.005645"
"10","2018-10","-0.078370"
"5","2018-10","-0.085855"
"15","2018-10","-0.085824"
"21","2018-10","-0.087415"
"31","2018-10","-0.087380"
"63","2018-10","-0.087380"
"37","2018-10","-0.085855"
"47","2018-10","-0.085824"
"53","2018-10","-0.087415"
"69","2018-10","-0.085855"
"79","2018-10","-0.085824"
"85","2018-10","-0.087415"
"95","2018-10","-0.087380"
"101","2018-10","-0.085855"
"111","2018-10","-0.085824"
"117","2018-10","-0.087415"
"127","2018-10","-0.087380"
"33","2018-10","-0.076223"
"20","2018-10","-0.109634"
"10","2018-11","0.006508"
"5","2018-11","0.004891"
"15","2018-11","0.004898"
"21","2018-11","0.007817"
"31","2018-11","0.007812"
"63","2018-11","0.007812"
"37","2018-11","0.004891"
"47","2018-11","0.004898"
"53","2018-11","0.007817"
"69","2018-11","0.004891"
"79","2018-11","0.004898"
"85","2018-11","0.007817"
"95","2018-11","0.007812"
"101","2018-11","0.004891"
"111","2018-11","0.004898"
"117","2018-11","0.007817"
"127","2018-11","0.007812"
"33","2018-11","-0.006908"
"20","2018-11","0.037356"
"10","2018-12","-0.028070"
"5","2018-12","-0.041942"
"15","2018-12","-0.041885"
"21","2018-12","-0.042589"
"31","2018-12","-0.042533"
"63","2018-12","-0.042533"
"37","2018-12","-0.041942"
"47","2018-12","-0.041885"
"53","2018-12","-0.042589"
"69","2018-12","-0.041942"
"79","2018-12","-0.041885"
"85","2018-12","-0.042589"
"95","2018-12","-0.042533"
"101","2018-12","-0.041942"
"111","2018-12","-0.041885"
"117","2018-12","-0.042589"
"127","2018-12","-0.042533"
"33","2018-12","-0.036138"
"20","2018-12","-0.054799"
"10","2019-01","0.011878"
"5","2019-01","0.036683"
"15","2019-01","0.036581"
"37","2019-01","0.036683"
"47","2019-01","0.036581"
"21","2019-01","0.032232"
"31","2019-01","0.032154"
"53","2019-01","0.032232"
"63","2019-01","0.032154"
"69","2019-01","0.036683"
"79","2019-01","0.036581"
"85","2019-01","0.032232"
"95","2019-01","0.032154"
"101","2019-01","0.036683"
"111","2019-01","0.036581"
"117","2019-01","0.032232"
"127","2019-01","0.032154"
"33","2019-01","0.041756"
"20","2019-01","0.013893"
"10","2019-02","0.120556"
"5","2019-02","0.148708"
"15","2019-02","0.148598"
"21","2019-02","0.155155"
"31","2019-02","0.155029"
"37","2019-02","0.148708"
"47","2019-02","0.148598"
"53","2019-02","0.155155"
"63","2019-02","0.155029"
"69","2019-02","0.148708"
"79","2019-02","0.148598"
"85","2019-02","0.155155"
"95","2019-02","0.155029"
"101","2019-02","0.148708"
"111","2019-02","0.148598"
"117","2019-02","0.155155"
"127","2019-02","0.155029"
"33","2019-02","0.127514"
"20","2019-02","0.209169"
"10","2019-03","0.037172"
"5","2019-03","0.061968"
"15","2019-03","0.061874"
"21","2019-03","0.064823"
"31","2019-03","0.064726"
"37","2019-03","0.061968"
"47","2019-03","0.061874"
"53","2019-03","0.064823"
"63","2019-03","0.064726"
"69","2019-03","0.061968"
"79","2019-03","0.061874"
"85","2019-03","0.064823"
"95","2019-03","0.064726"
"101","2019-03","0.061968"
"111","2019-03","0.061874"
"117","2019-03","0.064823"
"127","2019-03","0.064726"
"33","2019-03","0.045750"
"20","2019-03","0.099322"
"10","2019-04","-0.000533"
"5","2019-04","-0.005442"
"15","2019-04","-0.005424"
"21","2019-04","-0.008518"
"31","2019-04","-0.008490"
"37","2019-04","-0.005442"
"47","2019-04","-0.005424"
"53","2019-04","-0.008518"
"63","2019-04","-0.008490"
"69","2019-04","-0.005442"
"79","2019-04","-0.005424"
"85","2019-04","-0.008518"
"95","2019-04","-0.008490"
"101","2019-04","-0.005442"
"111","2019-04","-0.005424"
"117","2019-04","-0.008518"
"127","2019-04","-0.008490"
"33","2019-04","0.003189"
"20","2019-04","-0.028608"
"10","2019-05","-0.070800"
"5","2019-05","-0.060273"
"15","2019-05","-0.060311"
"21","2019-05","-0.060281"
"31","2019-05","-0.060317"
"37","2019-05","-0.060273"
"47","2019-05","-0.060311"
"53","2019-05","-0.060281"
"63","2019-05","-0.060317"
"69","2019-05","-0.060273"
"79","2019-05","-0.060311"
"85","2019-05","-0.060281"
"95","2019-05","-0.060317"
"101","2019-05","-0.060273"
"111","2019-05","-0.060311"
"117","2019-05","-0.060281"
"127","2019-05","-0.060317"
"33","2019-05","-0.056332"
"20","2019-05","-0.067313"
"10","2019-06","0.041101"
"5","2019-06","0.035070"
"15","2019-06","0.035091"
"21","2019-06","0.034103"
"31","2019-06","0.034126"
"37","2019-06","0.035603"
"47","2019-06","0.035622"
"53","2019-06","0.034103"
"63","2019-06","0.034126"
"69","2019-06","0.035070"
"79","2019-06","0.035091"
"85","2019-06","0.034103"
"95","2019-06","0.034126"
"101","2019-06","0.035603"
"111","2019-06","0.035622"
"117","2019-06","0.034103"
"127","2019-06","0.034126"
"33","2019-06","0.040739"
"20","2019-06","0.020824"
"10","2019-07","-0.026424"
"5","2019-07","-0.003416"
"15","2019-07","-0.003495"
"21","2019-07","-0.002351"
"31","2019-07","-0.002427"
"37","2019-07","-0.003416"
"47","2019-07","-0.003495"
"53","2019-07","-0.002351"
"63","2019-07","-0.002427"
"69","2019-07","-0.003416"
"79","2019-07","-0.003495"
"85","2019-07","-0.002351"
"95","2019-07","-0.002427"
"101","2019-07","-0.003416"
"111","2019-07","-0.003495"
"117","2019-07","-0.002351"
"127","2019-07","-0.002427"
"33","2019-07","-0.005181"
"20","2019-07","0.003548"
"10","2019-08","-0.055021"
"5","2019-08","-0.011691"
"15","2019-08","-0.011836"
"21","2019-08","-0.009694"
"31","2019-08","-0.009834"
"37","2019-08","-0.011868"
"47","2019-08","-0.012012"
"53","2019-08","-0.009862"
"63","2019-08","-0.010001"
"69","2019-08","-0.011691"
"79","2019-08","-0.011836"
"85","2019-08","-0.009694"
"95","2019-08","-0.009834"
"101","2019-08","-0.011868"
"111","2019-08","-0.012012"
"117","2019-08","-0.009862"
"127","2019-08","-0.010001"
"33","2019-08","-0.016042"
"20","2019-08","0.001046"
"10","2019-09","0.023491"
"5","2019-09","0.005384"
"15","2019-09","0.005442"
"21","2019-09","0.006822"
"31","2019-09","0.006872"
"37","2019-09","0.005140"
"47","2019-09","0.005200"
"53","2019-09","0.006595"
"63","2019-09","0.006645"
"69","2019-09","0.005384"
"79","2019-09","0.005442"
"85","2019-09","0.006822"
"95","2019-09","0.006872"
"101","2019-09","0.005140"
"111","2019-09","0.005200"
"117","2019-09","0.006595"
"127","2019-09","0.006645"
"33","2019-09","0.005207"
"20","2019-09","0.009005"
"10","2019-10","-0.040857"
"5","2019-10","0.011989"
"15","2019-10","0.011816"
"21","2019-10","0.012298"
"31","2019-10","0.012137"
"37","2019-10","0.011747"
"47","2019-10","0.011574"
"53","2019-10","0.012074"
"63","2019-10","0.011914"
"69","2019-10","0.011989"
"79","2019-10","0.011816"
"85","2019-10","0.012298"
"95","2019-10","0.012137"
"101","2019-10","0.011747"
"111","2019-10","0.011574"
"117","2019-10","0.012074"
"127","2019-10","0.011914"
"33","2019-10","0.010951"
"20","2019-10","0.014016"
"10","2019-11","-0.059354"
"5","2019-11","-0.015682"
"15","2019-11","-0.015817"
"21","2019-11","-0.015519"
"31","2019-11","-0.015643"
"37","2019-11","-0.015790"
"47","2019-11","-0.015924"
"53","2019-11","-0.015619"
"63","2019-11","-0.015743"
"69","2019-11","-0.015682"
"79","2019-11","-0.015817"
"85","2019-11","-0.015519"
"95","2019-11","-0.015643"
"101","2019-11","-0.015790"
"111","2019-11","-0.015924"
"117","2019-11","-0.015619"
"127","2019-11","-0.015743"
"33","2019-11","-0.017702"
"20","2019-11","-0.012040"
"10","2019-12","0.081806"
"5","2019-12","0.066512"
"15","2019-12","0.066557"
"21","2019-12","0.068325"
"31","2019-12","0.068361"
"37","2019-12","0.066663"
"47","2019-12","0.066707"
"53","2019-12","0.068460"
"63","2019-12","0.068496"
"69","2019-12","0.066512"
"79","2019-12","0.066557"
"85","2019-12","0.068325"
"95","2019-12","0.068361"
"101","2019-12","0.066663"
"111","2019-12","0.066707"
"117","2019-12","0.068460"
"127","2019-12","0.068496"
"33","2019-12","0.058782"
"20","2019-12","0.085407"
"10","2020-01","-0.015616"
"5","2020-01","-0.018873"
"15","2020-01","-0.018863"
"21","2020-01","-0.012218"
"31","2020-01","-0.012227"
"37","2020-01","-0.018236"
"47","2020-01","-0.018228"
"53","2020-01","-0.011651"
"63","2020-01","-0.011662"
"69","2020-01","-0.018873"
"79","2020-01","-0.018863"
"85","2020-01","-0.012218"
"95","2020-01","-0.012227"
"101","2020-01","-0.018236"
"111","2020-01","-0.018228"
"117","2020-01","-0.011651"
"127","2020-01","-0.011662"
"33","2020-01","-0.028174"
"20","2020-01","0.015789"
"10","2020-02","-0.063731"
"5","2020-02","-0.016963"
"15","2020-02","-0.017098"
"21","2020-02","-0.010253"
"31","2020-02","-0.010394"
"37","2020-02","-0.016955"
"47","2020-02","-0.017089"
"53","2020-02","-0.010269"
"63","2020-02","-0.010409"
"20","2020-02","0.023083"
"33","2020-02","-0.031362"
"69","2020-02","-0.016963"
"79","2020-02","-0.017098"
"85","2020-02","-0.010253"
"95","2020-02","-0.010394"
"101","2020-02","-0.016955"
"111","2020-02","-0.017089"
"117","2020-02","-0.010269"
"127","2020-02","-0.010409"
"10","2020-03","-0.086261"
"5","2020-03","-0.051913"
"15","2020-03","-0.052009"
"21","2020-03","-0.055627"
"31","2020-03","-0.055704"
"37","2020-03","-0.052439"
"47","2020-03","-0.052532"
"53","2020-03","-0.056087"
"63","2020-03","-0.056162"
"20","2020-03","-0.078316"
"33","2020-03","-0.041254"
"69","2020-03","-0.051913"
"79","2020-03","-0.052009"
"85","2020-03","-0.055627"
"95","2020-03","-0.055704"
"101","2020-03","-0.052439"
"111","2020-03","-0.052532"
"117","2020-03","-0.056087"
"127","2020-03","-0.056162"
"10","2020-04","0.009003"
"5","2020-04","0.044054"
"15","2020-04","0.043959"
"21","2020-04","0.046845"
"31","2020-04","0.046752"
"37","2020-04","0.044377"
"47","2020-04","0.044282"
"53","2020-04","0.047127"
"63","2020-04","0.047034"
"20","2020-04","0.058479"
"33","2020-04","0.039811"
"69","2020-04","0.044054"
"79","2020-04","0.043959"
"85","2020-04","0.046845"
"95","2020-04","0.046752"
"101","2020-04","0.044377"
"111","2020-04","0.044282"
"117","2020-04","0.047127"
"127","2020-04","0.047034"
"10","2020-05","-0.023846"
"5","2020-05","0.001717"
"15","2020-05","0.001651"
"21","2020-05","0.002729"
"31","2020-05","0.002667"
"37","2020-05","0.002324"
"47","2020-05","0.002256"
"53","2020-05","0.003272"
"63","2020-05","0.003209"
"20","2020-05","0.009738"
"33","2020-05","-0.000976"
"69","2020-05","0.001717"
"79","2020-05","0.001651"
"85","2020-05","0.002729"
"95","2020-05","0.002667"
"101","2020-05","0.002324"
"111","2020-05","0.002256"
"117","2020-05","0.003272"
"127","2020-05","0.003209"
"10","2020-06","0.051120"
"5","2020-06","0.066670"
"15","2020-06","0.066631"
"21","2020-06","0.074832"
"31","2020-06","0.074778"
"37","2020-06","0.067193"
"47","2020-06","0.067153"
"53","2020-06","0.075261"
"63","2020-06","0.075206"
"20","2020-06","0.104559"
"33","2020-06","0.055800"
"127","2020-06","0.075206"
"117","2020-06","0.075261"
"111","2020-06","0.067153"
"101","2020-06","0.067193"
"95","2020-06","0.074778"
"85","2020-06","0.074832"
"79","2020-06","0.066631"
"69","2020-06","0.066670"
"10","2020-07","0.106632"
"5","2020-07","0.129829"
"15","2020-07","0.129773"
"21","2020-07","0.130767"
"31","2020-07","0.130715"
"37","2020-07","0.129435"
"47","2020-07","0.129379"
"53","2020-07","0.130409"
"63","2020-07","0.130358"
"20","2020-07","0.144905"
"33","2020-07","0.120269"
"69","2020-07","0.129829"
"79","2020-07","0.129773"
"85","2020-07","0.130767"
"95","2020-07","0.130715"
"101","2020-07","0.129435"
"111","2020-07","0.129379"
"117","2020-07","0.130409"
"127","2020-07","0.130358"
"10","2020-08","0.057208"
"5","2020-08","0.029163"
"15","2020-08","0.029228"
"21","2020-08","0.027227"
"31","2020-08","0.027289"
"37","2020-08","0.027416"
"47","2020-08","0.027485"
"53","2020-08","0.025695"
"63","2020-08","0.025759"
"20","2020-08","0.020583"
"33","2020-08","0.029351"
"69","2020-08","0.029124"
"79","2020-08","0.029190"
"85","2020-08","0.027194"
"95","2020-08","0.027256"
"101","2020-08","0.027379"
"111","2020-08","0.027448"
"117","2020-08","0.025662"
"127","2020-08","0.025727"
"10","2020-09","-0.022133"
"5","2020-09","-0.057034"
"15","2020-09","-0.056953"
"37","2020-09","-0.056970"
"47","2020-09","-0.056890"
"21","2020-09","-0.056115"
"31","2020-09","-0.056045"
"53","2020-09","-0.056069"
"63","2020-09","-0.055999"
"20","2020-09","-0.065262"
"33","2020-09","-0.049542"
"69","2020-09","-0.057043"
"79","2020-09","-0.056962"
"85","2020-09","-0.056124"
"95","2020-09","-0.056053"
"101","2020-09","-0.056979"
"111","2020-09","-0.056899"
"117","2020-09","-0.056077"
"127","2020-09","-0.056007"
"10","2020-10","-0.011484"
"5","2020-10","0.008097"
"15","2020-10","0.008050"
"37","2020-10","0.008188"
"47","2020-10","0.008142"
"21","2020-10","0.010709"
"31","2020-10","0.010662"
"53","2020-10","0.010758"
"63","2020-10","0.010711"
"20","2020-10","0.019413"
"33","2020-10","0.004710"
"69","2020-10","0.008124"
"79","2020-10","0.008077"
"85","2020-10","0.010732"
"95","2020-10","0.010684"
"101","2020-10","0.008215"
"111","2020-10","0.008168"
"117","2020-10","0.010780"
"127","2020-10","0.010733"
"10","2020-11","0.028331"
"5","2020-11","0.050101"
"15","2020-11","0.050050"
"37","2020-11","0.049533"
"47","2020-11","0.049485"
"21","2020-11","0.042035"
"31","2020-11","0.042007"
"53","2020-11","0.041637"
"63","2020-11","0.041610"
"20","2020-11","0.025844"
"33","2020-11","0.052851"
"69","2020-11","0.050075"
"79","2020-11","0.050025"
"85","2020-11","0.042016"
"95","2020-11","0.041988"
"101","2020-11","0.049508"
"111","2020-11","0.049460"
"117","2020-11","0.041618"
"127","2020-11","0.041591"
"10","2020-12","0.035231"
"5","2020-12","0.024496"
"15","2020-12","0.024520"
"37","2020-12","0.024959"
"47","2020-12","0.024981"
"21","2020-12","0.026518"
"31","2020-12","0.026534"
"53","2020-12","0.026902"
"63","2020-12","0.026918"
"20","2020-12","0.029785"
"33","2020-12","0.024917"
"69","2020-12","0.024509"
"79","2020-12","0.024532"
"85","2020-12","0.026528"
"95","2020-12","0.026545"
"101","2020-12","0.024971"
"111","2020-12","0.024993"
"117","2020-12","0.026912"
"127","2020-12","0.026928"
"10","2021-01","-0.007727"
"5","2021-01","-0.000874"
"15","2021-01","-0.000889"
"37","2021-01","-0.000731"
"47","2021-01","-0.000745"
"21","2021-01","-0.001179"
"31","2021-01","-0.001191"
"53","2021-01","-0.001046"
"63","2021-01","-0.001059"
"20","2021-01","-0.001331"
"33","2021-01","-0.000850"
"69","2021-01","-0.000809"
"79","2021-01","-0.000824"
"85","2021-01","-0.001121"
"95","2021-01","-0.001133"
"101","2021-01","-0.000667"
"111","2021-01","-0.000682"
"117","2021-01","-0.000989"
"127","2021-01","-0.001002"
"10","2021-02","0.011537"
"5","2021-02","0.008711"
"15","2021-02","0.008717"
"21","2021-02","0.003571"
"31","2021-02","0.003586"
"37","2021-02","0.007563"
"47","2021-02","0.007571"
"53","2021-02","0.002629"
"63","2021-02","0.002646"
"20","2021-02","-0.009155"
"33","2021-02","0.010740"
"69","2021-02","0.008665"
"79","2021-02","0.008671"
"85","2021-02","0.003532"
"95","2021-02","0.003547"
"101","2021-02","0.007518"
"111","2021-02","0.007526"
"117","2021-02","0.002592"
"127","2021-02","0.002608"
"10","2021-03","0.018226"
"5","2021-03","-0.021690"
"15","2021-03","-0.021606"
"21","2021-03","-0.024019"
"31","2021-03","-0.023939"
"37","2021-03","-0.022302"
"47","2021-03","-0.022218"
"53","2021-03","-0.024529"
"63","2021-03","-0.024450"
"20","2021-03","-0.034283"
"33","2021-03","-0.017968"
"69","2021-03","-0.021634"
"79","2021-03","-0.021550"
"85","2021-03","-0.023967"
"95","2021-03","-0.023888"
"101","2021-03","-0.022246"
"111","2021-03","-0.022163"
"117","2021-03","-0.024478"
"127","2021-03","-0.024400"
"10","2021-04","0.014806"
"5","2021-04","0.008129"
"15","2021-04","0.008144"
"21","2021-04","0.014812"
"31","2021-04","0.014812"
"37","2021-04","0.009391"
"47","2021-04","0.009403"
"53","2021-04","0.015836"
"63","2021-04","0.015834"
"20","2021-04","0.034407"
"33","2021-04","0.003523"
"69","2021-04","0.008154"
"79","2021-04","0.008169"
"85","2021-04","0.014830"
"95","2021-04","0.014830"
"101","2021-04","0.009414"
"111","2021-04","0.009426"
"117","2021-04","0.015853"
"127","2021-04","0.015851"
"10","2021-05","0.019285"
"5","2021-05","0.045805"
"15","2021-05","0.045747"
"21","2021-05","0.049441"
"31","2021-05","0.049383"
"37","2021-05","0.046844"
"47","2021-05","0.046786"
"53","2021-05","0.050303"
"63","2021-05","0.050244"
"20","2021-05","0.049339"
"33","2021-05","0.050963"
"69","2021-05","0.045777"
"79","2021-05","0.045719"
"85","2021-05","0.049414"
"95","2021-05","0.049355"
"101","2021-05","0.046816"
"111","2021-05","0.046757"
"117","2021-05","0.050275"
"127","2021-05","0.050216"
"10","2021-06","0.035101"
"5","2021-06","-0.003404"
"15","2021-06","-0.003325"
"21","2021-06","0.005010"
"31","2021-06","0.005065"
"37","2021-06","-0.001133"
"47","2021-06","-0.001059"
"53","2021-06","0.006866"
"63","2021-06","0.006916"
"20","2021-06","0.017244"
"33","2021-06","-0.000210"
"69","2021-06","-0.003276"
"79","2021-06","-0.003196"
"85","2021-06","0.005119"
"95","2021-06","0.005173"
"101","2021-06","-0.001008"
"111","2021-06","-0.000935"
"117","2021-06","0.006971"
"127","2021-06","0.007022"
"10","2021-07","0.002394"
"5","2021-07","-0.049780"
"15","2021-07","-0.049669"
"21","2021-07","-0.041398"
"31","2021-07","-0.041317"
"37","2021-07","-0.047955"
"47","2021-07","-0.047851"
"53","2021-07","-0.039985"
"63","2021-07","-0.039908"
"20","2021-07","-0.027329"
"33","2021-07","-0.048876"
"69","2021-07","-0.049669"
"79","2021-07","-0.049559"
"85","2021-07","-0.041309"
"95","2021-07","-0.041228"
"101","2021-07","-0.047849"
"111","2021-07","-0.047745"
"117","2021-07","-0.039898"
"127","2021-07","-0.039821"
"10","2021-08","0.030472"
"5","2021-08","0.051767"
"15","2021-08","0.051720"
"21","2021-08","0.040320"
"31","2021-08","0.040301"
"37","2021-08","0.048823"
"47","2021-08","0.048784"
"53","2021-08","0.038076"
"63","2021-08","0.038061"
"20","2021-08","0.025876"
"33","2021-08","0.046863"
"69","2021-08","0.051732"
"79","2021-08","0.051685"
"85","2021-08","0.040299"
"95","2021-08","0.040280"
"101","2021-08","0.048792"
"111","2021-08","0.048752"
"117","2021-08","0.038057"
"127","2021-08","0.038043"
"10","2021-09","0.012724"
"5","2021-09","0.005089"
"15","2021-09","0.005106"
"21","2021-09","0.002670"
"31","2021-09","0.002689"
"37","2021-09","0.002587"
"47","2021-09","0.002608"
"53","2021-09","0.000545"
"63","2021-09","0.000568"
"20","2021-09","-0.012609"
"33","2021-09","0.009833"
"69","2021-09","0.005555"
"79","2021-09","0.005570"
"85","2021-09","0.003079"
"95","2021-09","0.003097"
"101","2021-09","0.003041"
"111","2021-09","0.003061"
"117","2021-09","0.000945"
"127","2021-09","0.000966"
"10","2021-10","-0.015975"
"5","2021-10","-0.005737"
"15","2021-10","-0.005759"
"21","2021-10","-0.002019"
"31","2021-10","-0.002045"
"37","2021-10","-0.004966"
"47","2021-10","-0.004990"
"53","2021-10","-0.001442"
"63","2021-10","-0.001468"
"20","2021-10","0.004067"
"33","2021-10","-0.005260"
"69","2021-10","-0.005833"
"79","2021-10","-0.005855"
"85","2021-10","-0.002109"
"95","2021-10","-0.002135"
"101","2021-10","-0.005062"
"111","2021-10","-0.005085"
"117","2021-10","-0.001530"
"127","2021-10","-0.001557"
"10","2021-11","0.020720"
"5","2021-11","0.009759"
"15","2021-11","0.009782"
"21","2021-11","0.019195"
"31","2021-11","0.019198"
"37","2021-11","0.012575"
"47","2021-11","0.012591"
"53","2021-11","0.021387"
"63","2021-11","0.021385"
"20","2021-11","0.048875"
"33","2021-11","0.001962"
"69","2021-11","0.009837"
"79","2021-11","0.009860"
"85","2021-11","0.019250"
"95","2021-11","0.019253"
"101","2021-11","0.012646"
"111","2021-11","0.012662"
"117","2021-11","0.021437"
"127","2021-11","0.021436"
"5","2021-12","0.027943"
"10","2021-12","0.014674"
"15","2021-12","0.027915"
"37","2021-12","0.025382"
"47","2021-12","0.025360"
"21","2021-12","0.018847"
"31","2021-12","0.018839"
"53","2021-12","0.016914"
"63","2021-12","0.016910"
"20","2021-12","0.008831"
"33","2021-12","0.022877"
"69","2021-12","0.027877"
"79","2021-12","0.027849"
"85","2021-12","0.018803"
"95","2021-12","0.018796"
"101","2021-12","0.025322"
"111","2021-12","0.025300"
"117","2021-12","0.016874"
"127","2021-12","0.016870"
