date,factor,pair,ret
20167,BM,AA,-0.010969842
20168,BM,AA,0.094092631
20169,BM,AA,0.059834602
201610,BM,AA,0.065691674
201611,BM,AA,0.034835101
201612,BM,AA,-0.00227837
20171,BM,AA,-0.052345617
20172,BM,AA,0.030881313
20173,BM,AA,-0.058653248
20174,BM,AA,-0.098388201
20175,BM,AA,-0.107843159
20176,BM,AA,0.041972342
20177,BM,AA,-0.029669255
20178,BM,AA,0.044341299
20179,BM,AA,0.022172874
201710,BM,AA,-0.016594538
201711,BM,AA,-0.068853194
201712,BM,AA,-0.043120026
20181,BM,AA,-0.076295523
20182,BM,AA,-0.079625519
20183,BM,AA,0.058630183
20184,BM,AA,-0.08039285
20185,BM,AA,-0.030577042
20186,BM,AA,-0.133260243
20187,BM,AA,-0.006345714
20167,BM,AB,0.010218354
20168,BM,AB,0.099462617
20169,BM,AB,0.015996286
201610,BM,AB,0.047841031
201611,BM,AB,0.062893807
201612,BM,AB,-0.011652291
20171,BM,AB,-0.025250912
20172,BM,AB,0.075841699
20173,BM,AB,-0.050125935
20174,BM,AB,-0.094100449
20175,BM,AB,-0.077505608
20176,BM,AB,0.040057204
20177,BM,AB,-0.020486758
20178,BM,AB,0.020336215
20179,BM,AB,-0.002462617
201710,BM,AB,-0.024015908
201711,BM,AB,-0.092732254
201712,BM,AB,-0.031390221
20181,BM,AB,-0.064339024
20182,BM,AB,-0.08734496
20183,BM,AB,0.074250799
20184,BM,AB,-0.063218057
20185,BM,AB,-0.003588098
20186,BM,AB,-0.138923093
20187,BM,AB,0.012880124
20167,BM,AC,0.018705386
20168,BM,AC,0.061654887
20169,BM,AC,0.019758988
201610,BM,AC,0.069423049
201611,BM,AC,0.102485567
201612,BM,AC,-0.02891633
20171,BM,AC,-0.034575348
20172,BM,AC,0.056426606
20173,BM,AC,-0.023509736
20174,BM,AC,-0.105900524
20175,BM,AC,-0.091830025
20176,BM,AC,0.020080865
20177,BM,AC,-0.043886997
20178,BM,AC,0.037671931
20179,BM,AC,0.014587455
201710,BM,AC,-0.045272764
201711,BM,AC,-0.098660658
201712,BM,AC,-0.037986794
20181,BM,AC,-0.036856717
20182,BM,AC,-0.056054355
20183,BM,AC,0.053293822
20184,BM,AC,-0.054993955
20185,BM,AC,0.001786058
20186,BM,AC,-0.121308591
20187,BM,AC,-0.005382779
20167,BM,AD,-0.023968142
20168,BM,AD,0.053441309
20169,BM,AD,0.003570152
201610,BM,AD,0.067759127
201611,BM,AD,0.04800352
201612,BM,AD,-0.017226476
20171,BM,AD,-0.055473272
20172,BM,AD,0.085732857
20173,BM,AD,-0.017065982
20174,BM,AD,-0.106904224
20175,BM,AD,-0.079233958
20176,BM,AD,0.02621164
20177,BM,AD,-0.040745552
20178,BM,AD,0.022884324
20179,BM,AD,0.003717794
201710,BM,AD,-0.031722384
201711,BM,AD,-0.11030347
201712,BM,AD,-0.035052971
20181,BM,AD,-0.043911601
20182,BM,AD,-0.05455118
20183,BM,AD,0.074873087
20184,BM,AD,-0.058328268
20185,BM,AD,0.01558238
20186,BM,AD,-0.109806608
20187,BM,AD,-0.015062665
20167,BM,AE,-0.014275142
20168,BM,AE,0.074915371
20169,BM,AE,0.029185039
201610,BM,AE,0.033399773
201611,BM,AE,0.02835982
201612,BM,AE,-0.044416145
20171,BM,AE,-0.049048014
20172,BM,AE,0.060726531
20173,BM,AE,-0.021427046
20174,BM,AE,-0.08955263
20175,BM,AE,-0.082082964
20176,BM,AE,0.016468867
20177,BM,AE,-0.023149939
20178,BM,AE,0.035787963
20179,BM,AE,-0.024992211
201710,BM,AE,-0.03483045
201711,BM,AE,-0.11980191
201712,BM,AE,-0.045215668
20181,BM,AE,-0.070181982
20182,BM,AE,-0.053944168
20183,BM,AE,0.02781965
20184,BM,AE,-0.053695272
20185,BM,AE,-0.011601443
20186,BM,AE,-0.13307249
20187,BM,AE,0.020629964
20167,OP,AA,-0.003067475
20168,OP,AA,0.052519227
20169,OP,AA,0.054923859
201610,OP,AA,0.042018538
201611,OP,AA,0.023060777
201612,OP,AA,-0.013356598
20171,OP,AA,-0.046882922
20172,OP,AA,0.025982537
20173,OP,AA,-0.042856854
20174,OP,AA,-0.101115312
20175,OP,AA,-0.08753229
20176,OP,AA,0.027263453
20177,OP,AA,-0.023407983
20178,OP,AA,0.027250269
20179,OP,AA,0.009001917
201710,OP,AA,-0.051292973
201711,OP,AA,-0.091288526
201712,OP,AA,-0.043309044
20181,OP,AA,-0.081697608
20182,OP,AA,-0.067974075
20183,OP,AA,0.052359318
20184,OP,AA,-0.078574923
20185,OP,AA,-0.041513861
20186,OP,AA,-0.124152823
20187,OP,AA,0.011160193
20167,OP,AB,-0.04138768
20168,OP,AB,0.068240794
20169,OP,AB,0.02261717
201610,OP,AB,0.058623403
201611,OP,AB,0.067708457
201612,OP,AB,-0.032147503
20171,OP,AB,-0.048888228
20172,OP,AB,0.044781653
20173,OP,AB,-0.034692575
20174,OP,AB,-0.101392265
20175,OP,AB,-0.088173883
20176,OP,AB,0.026534217
20177,OP,AB,-0.034525059
20178,OP,AB,0.032390466
20179,OP,AB,0.005493786
201710,OP,AB,-0.019848445
201711,OP,AB,-0.082355721
201712,OP,AB,-0.0384807
20181,OP,AB,-0.046619386
20182,OP,AB,-0.077019343
20183,OP,AB,0.065313233
20184,OP,AB,-0.063111187
20185,OP,AB,0.013943281
20186,OP,AB,-0.141680884
20187,OP,AB,0.002755746
20167,OP,AC,-0.032360946
20168,OP,AC,0.184282403
20169,OP,AC,-0.006345001
201610,OP,AC,0.071471613
201611,OP,AC,0.067391783
201612,OP,AC,0.012942382
20171,OP,AC,-0.042118415
20172,OP,AC,0.076655219
20173,OP,AC,-0.028703146
20174,OP,AC,-0.103463143
20175,OP,AC,-0.089538833
20176,OP,AC,0.033816848
20177,OP,AC,-0.052797489
20178,OP,AC,0.046735041
20179,OP,AC,-0.006181162
201710,OP,AC,-0.021963677
201711,OP,AC,-0.103876185
201712,OP,AC,-0.03522053
20181,OP,AC,-0.052381647
20182,OP,AC,-0.076997998
20183,OP,AC,0.077979961
20184,OP,AC,-0.036620268
20185,OP,AC,0.009999316
20186,OP,AC,-0.121461993
20187,OP,AC,-0.011540478
20167,OP,AD,0.142772212
20168,OP,AD,0.042006463
20169,OP,AD,-0.019419958
201610,OP,AD,0.084865636
201611,OP,AD,0.186874021
201612,OP,AD,-0.101547491
20171,OP,AD,-0.015367834
20172,OP,AD,0.132988418
20173,OP,AD,-0.026890335
20174,OP,AD,-0.10849776
20175,OP,AD,-0.10270073
20176,OP,AD,0.013505263
20177,OP,AD,-0.036068325
20178,OP,AD,0.041512735
20179,OP,AD,-0.004287387
201710,OP,AD,-0.018250131
201711,OP,AD,-0.108577803
201712,OP,AD,-0.034173135
20181,OP,AD,-0.029353249
20182,OP,AD,-0.060798517
20183,OP,AD,0.079153862
20184,OP,AD,-0.049273582
20185,OP,AD,0.03568492
20186,OP,AD,-0.132840056
20187,OP,AD,-0.00321106
20167,OP,AE,0.017927765
20168,OP,AE,0.059353438
20169,OP,AE,0.034053716
201610,OP,AE,0.083068841
201611,OP,AE,0.027628304
201612,OP,AE,0.014333864
20171,OP,AE,-0.044881653
20172,OP,AE,0.09067733
20173,OP,AE,-0.039798837
20174,OP,AE,-0.078722253
20175,OP,AE,-0.080207556
20176,OP,AE,0.053485
20177,OP,AE,-0.023885186
20178,OP,AE,0.021692156
20179,OP,AE,0.023429479
201710,OP,AE,-0.008631895
201711,OP,AE,-0.099682949
201712,OP,AE,-0.032368119
20181,OP,AE,-0.053272728
20182,OP,AE,-0.046765389
20183,OP,AE,0.024233832
20184,OP,AE,-0.081590792
20185,OP,AE,-0.026903355
20186,OP,AE,-0.109361602
20187,OP,AE,-0.0129135
20167,INV,AA,0.00128002
20168,INV,AA,0.052189232
20169,INV,AA,0.03707571
201610,INV,AA,0.032018007
201611,INV,AA,0.033121299
201612,INV,AA,-0.017240308
20171,INV,AA,-0.028412437
20172,INV,AA,0.040485992
20173,INV,AA,-0.041775608
20174,INV,AA,-0.109271278
20175,INV,AA,-0.090237935
20176,INV,AA,0.036929239
20177,INV,AA,-0.021436942
20178,INV,AA,0.020232166
20179,INV,AA,0.004304628
201710,INV,AA,-0.042481586
201711,INV,AA,-0.094999757
201712,INV,AA,-0.042693001
20181,INV,AA,-0.076021793
20182,INV,AA,-0.06475446
20183,INV,AA,0.044926883
20184,INV,AA,-0.089480161
20185,INV,AA,-0.044920218
20186,INV,AA,-0.133003609
20187,INV,AA,0.009059667
20167,INV,AB,-0.021900831
20168,INV,AB,0.060939306
20169,INV,AB,0.051659576
201610,INV,AB,0.065764934
201611,INV,AB,0.081664318
201612,INV,AB,-0.008649122
20171,INV,AB,-0.056084265
20172,INV,AB,0.035237943
20173,INV,AB,-0.049862175
20174,INV,AB,-0.102769366
20175,INV,AB,-0.089337245
20176,INV,AB,0.025572531
20177,INV,AB,-0.027952069
20178,INV,AB,0.041167218
20179,INV,AB,0.004563708
201710,INV,AB,-0.024815196
201711,INV,AB,-0.085413361
201712,INV,AB,-0.035833696
20181,INV,AB,-0.051409783
20182,INV,AB,-0.085210786
20183,INV,AB,0.083739765
20184,INV,AB,-0.068995605
20185,INV,AB,-0.022512099
20186,INV,AB,-0.141335982
20187,INV,AB,0.022362337
20167,INV,AC,0.009333817
20168,INV,AC,0.044976403
20169,INV,AC,-0.001930566
201610,INV,AC,0.074858265
201611,INV,AC,0.069090491
201612,INV,AC,-0.018033641
20171,INV,AC,-0.056004719
20172,INV,AC,0.044847657
20173,INV,AC,-0.053380881
20174,INV,AC,-0.100985818
20175,INV,AC,-0.077787982
20176,INV,AC,0.011135868
20177,INV,AC,-0.050599036
20178,INV,AC,0.029514579
20179,INV,AC,0.005445043
201710,INV,AC,-0.028802885
201711,INV,AC,-0.104091185
201712,INV,AC,-0.042247957
20181,INV,AC,-0.050319569
20182,INV,AC,-0.074405976
20183,INV,AC,0.054893469
20184,INV,AC,-0.039228145
20185,INV,AC,0.01872461
20186,INV,AC,-0.101427903
20187,INV,AC,-0.019279127
20167,INV,AD,0.042182149
20168,INV,AD,0.151496516
20169,INV,AD,0.028028597
201610,INV,AD,0.060383423
201611,INV,AD,0.048661886
201612,INV,AD,-0.012291314
20171,INV,AD,-0.028248316
20172,INV,AD,0.058396504
20173,INV,AD,-0.009886888
20174,INV,AD,-0.10829175
20175,INV,AD,-0.093088415
20176,INV,AD,0.043009547
20177,INV,AD,-0.029486075
20178,INV,AD,0.042759524
20179,INV,AD,0.01124723
201710,INV,AD,-0.025851766
201711,INV,AD,-0.099825371
201712,INV,AD,-0.032039488
20181,INV,AD,-0.05363986
20182,INV,AD,-0.068645032
20183,INV,AD,0.054973357
20184,INV,AD,-0.047796015
20185,INV,AD,0.025761053
20186,INV,AD,-0.119139298
20187,INV,AD,-0.005207252
20167,INV,AE,-0.029463732
20168,INV,AE,0.163208587
20169,INV,AE,0.000929976
201610,INV,AE,0.095663578
201611,INV,AE,0.071067694
201612,INV,AE,-0.046186833
20171,INV,AE,-0.056071731
20172,INV,AE,0.164586963
20173,INV,AE,-0.009431142
20174,INV,AE,-0.066897612
20175,INV,AE,-0.093121181
20176,INV,AE,0.031168294
20177,INV,AE,-0.044100382
20178,INV,AE,0.038060696
20179,INV,AE,0.005455716
201710,INV,AE,-0.019680143
201711,INV,AE,-0.094198112
201712,INV,AE,-0.035096317
20181,INV,AE,-0.047851495
20182,INV,AE,-0.044080897
20183,INV,AE,0.061083721
20184,INV,AE,-0.04754362
20185,INV,AE,0.021388938
20186,INV,AE,-0.130423021
20187,INV,AE,-0.022040874
20167,BM,BA,-0.005145723
20168,BM,BA,0.076855337
20169,BM,BA,-0.000635964
201610,BM,BA,0.052055527
201611,BM,BA,0.046586894
201612,BM,BA,-0.003664336
20171,BM,BA,-0.020567171
20172,BM,BA,0.02765579
20173,BM,BA,-0.035414688
20174,BM,BA,-0.062966725
20175,BM,BA,-0.073770947
20176,BM,BA,0.03258261
20177,BM,BA,-0.021117027
20178,BM,BA,0.041616825
20179,BM,BA,0.024141896
201710,BM,BA,-0.026187208
201711,BM,BA,-0.054087125
201712,BM,BA,-0.008179273
20181,BM,BA,-0.038848504
20182,BM,BA,-0.075908036
20183,BM,BA,0.056865697
20184,BM,BA,-0.030228598
20185,BM,BA,-0.0330612
20186,BM,BA,-0.139567124
20187,BM,BA,-0.007995537
20167,BM,BB,-0.015791842
20168,BM,BB,0.057158081
20169,BM,BB,-0.002420692
201610,BM,BB,0.069570106
201611,BM,BB,0.030530897
201612,BM,BB,-0.012923744
20171,BM,BB,-0.008117646
20172,BM,BB,0.034837285
20173,BM,BB,-0.01917489
20174,BM,BB,-0.067225745
20175,BM,BB,-0.090974305
20176,BM,BB,0.042473996
20177,BM,BB,-0.002150168
20178,BM,BB,0.027775427
20179,BM,BB,0.005822794
201710,BM,BB,-0.008866267
201711,BM,BB,-0.086016601
201712,BM,BB,-0.019574988
20181,BM,BB,-0.04942103
20182,BM,BB,-0.060463401
20183,BM,BB,0.061997925
20184,BM,BB,-0.053922838
20185,BM,BB,-0.032815487
20186,BM,BB,-0.13359323
20187,BM,BB,0.032103362
20167,BM,BC,-0.006943936
20168,BM,BC,0.040646219
20169,BM,BC,-0.00306205
201610,BM,BC,0.035414136
201611,BM,BC,0.041168708
201612,BM,BC,-0.017387093
20171,BM,BC,-0.033337438
20172,BM,BC,0.04424142
20173,BM,BC,-0.019052333
20174,BM,BC,-0.06584514
20175,BM,BC,-0.089753305
20176,BM,BC,0.037074058
20177,BM,BC,0.008250985
20178,BM,BC,0.030134151
20179,BM,BC,0.006613514
201710,BM,BC,-0.040054947
201711,BM,BC,-0.088419737
201712,BM,BC,-0.007598577
20181,BM,BC,-0.04254247
20182,BM,BC,-0.053109393
20183,BM,BC,0.048943587
20184,BM,BC,-0.050891111
20185,BM,BC,-0.014926143
20186,BM,BC,-0.117078402
20187,BM,BC,0.012863509
20167,BM,BD,-0.009666935
20168,BM,BD,0.056106417
20169,BM,BD,-0.007767172
201610,BM,BD,0.028660145
201611,BM,BD,0.018468447
201612,BM,BD,-0.053745687
20171,BM,BD,-0.016603009
20172,BM,BD,0.037289943
20173,BM,BD,-0.03038035
20174,BM,BD,-0.07162559
20175,BM,BD,-0.081672692
20176,BM,BD,0.014728365
20177,BM,BD,6.15E-05
20178,BM,BD,0.016863861
20179,BM,BD,0.008245592
201710,BM,BD,-0.02881317
201711,BM,BD,-0.084108758
201712,BM,BD,-0.026090609
20181,BM,BD,-0.036366304
20182,BM,BD,-0.061463436
20183,BM,BD,0.02783501
20184,BM,BD,-0.054405483
20185,BM,BD,-0.015971341
20186,BM,BD,-0.108598947
20187,BM,BD,0.009452589
20167,BM,BE,0.008381083
20168,BM,BE,0.046342985
20169,BM,BE,0.006150958
201610,BM,BE,0.032311678
201611,BM,BE,0.026185013
201612,BM,BE,-0.045640708
20171,BM,BE,-0.022277538
20172,BM,BE,0.055640539
20173,BM,BE,-0.019431601
20174,BM,BE,-0.040132051
20175,BM,BE,-0.094718513
20176,BM,BE,0.028908396
20177,BM,BE,0.010183418
20178,BM,BE,0.022439868
20179,BM,BE,-0.013305797
201710,BM,BE,-0.044223674
201711,BM,BE,-0.081930655
201712,BM,BE,-0.030186975
20181,BM,BE,-0.02397503
20182,BM,BE,-0.063059301
20183,BM,BE,0.058642124
20184,BM,BE,-0.048022772
20185,BM,BE,-0.019872831
20186,BM,BE,-0.128685476
20187,BM,BE,0.02084931
20167,OP,BA,0.005431811
20168,OP,BA,0.060747017
20169,OP,BA,-0.005856695
201610,OP,BA,0.052590081
201611,OP,BA,0.040693382
201612,OP,BA,-0.028175128
20171,OP,BA,-0.024459592
20172,OP,BA,0.03002912
20173,OP,BA,-0.043286075
20174,OP,BA,-0.060173358
20175,OP,BA,-0.09242834
20176,OP,BA,0.028448587
20177,OP,BA,0.005102411
20178,OP,BA,0.0276346
20179,OP,BA,0.008626587
201710,OP,BA,-0.031370321
201711,OP,BA,-0.082150001
201712,OP,BA,-0.009194115
20181,OP,BA,-0.057894655
20182,OP,BA,-0.074449068
20183,OP,BA,0.051518967
20184,OP,BA,-0.047688914
20185,OP,BA,-0.039667414
20186,OP,BA,-0.106886987
20187,OP,BA,0.009993568
20167,OP,BB,-0.013788951
20168,OP,BB,0.055424896
20169,OP,BB,-0.007322668
201610,OP,BB,0.042790248
201611,OP,BB,0.022432145
201612,OP,BB,-0.028440347
20171,OP,BB,-0.018165974
20172,OP,BB,0.032152631
20173,OP,BB,-0.021980597
20174,OP,BB,-0.09071058
20175,OP,BB,-0.077896376
20176,OP,BB,0.027134258
20177,OP,BB,-0.00271609
20178,OP,BB,0.027462908
20179,OP,BB,0.007405519
201710,OP,BB,-0.046178549
201711,OP,BB,-0.082777272
201712,OP,BB,-0.03250381
20181,OP,BB,-0.038177271
20182,OP,BB,-0.07204047
20183,OP,BB,0.062134614
20184,OP,BB,-0.046064848
20185,OP,BB,-0.035973478
20186,OP,BB,-0.135069393
20187,OP,BB,0.032115968
20167,OP,BC,-0.01471604
20168,OP,BC,0.052970496
20169,OP,BC,0.005827209
201610,OP,BC,0.051056199
201611,OP,BC,0.052995628
201612,OP,BC,-0.041040959
20171,OP,BC,-0.022951103
20172,OP,BC,0.052838171
20173,OP,BC,-0.033837783
20174,OP,BC,-0.058699297
20175,OP,BC,-0.071859951
20176,OP,BC,0.031989793
20177,OP,BC,-0.017301328
20178,OP,BC,0.03194051
20179,OP,BC,0.008810182
201710,OP,BC,-0.032155765
201711,OP,BC,-0.081024581
201712,OP,BC,-0.021593511
20181,OP,BC,-0.033898694
20182,OP,BC,-0.054133216
20183,OP,BC,0.041792689
20184,OP,BC,-0.044736025
20185,OP,BC,-0.01772552
20186,OP,BC,-0.135326124
20187,OP,BC,0.014637929
20167,OP,BD,-0.023106587
20168,OP,BD,0.037357568
20169,OP,BD,0.003553729
201610,OP,BD,0.029834088
201611,OP,BD,0.022024668
201612,OP,BD,-0.036482662
20171,OP,BD,-0.011406642
20172,OP,BD,0.042196599
20173,OP,BD,-0.004700637
20174,OP,BD,-0.065134905
20175,OP,BD,-0.08192793
20176,OP,BD,0.044165687
20177,OP,BD,-0.006961135
20178,OP,BD,0.022710183
20179,OP,BD,0.009008915
201710,OP,BD,-0.005086736
201711,OP,BD,-0.072311695
201712,OP,BD,-0.016114056
20181,OP,BD,-0.020362735
20182,OP,BD,-0.043009911
20183,OP,BD,0.057329173
20184,OP,BD,-0.061234183
20185,OP,BD,-0.015828102
20186,OP,BD,-0.143680453
20187,OP,BD,0.002530346
20167,OP,BE,0.011543232
20168,OP,BE,0.083847865
20169,OP,BE,0.00600147
201610,OP,BE,0.033117447
201611,OP,BE,0.012374358
201612,OP,BE,0.047180955
20171,OP,BE,-0.010283357
20172,OP,BE,0.059102742
20173,OP,BE,0.0137309
20174,OP,BE,-0.00072475
20175,OP,BE,-0.115973405
20176,OP,BE,0.030503289
20177,OP,BE,0.014991359
20178,OP,BE,0.031892821
20179,OP,BE,-0.000988075
201710,OP,BE,-0.003055677
201711,OP,BE,-0.059344936
201712,OP,BE,-0.003534497
20181,OP,BE,-0.02369202
20182,OP,BE,-0.056287389
20183,OP,BE,0.025527117
20184,OP,BE,-0.032003091
20185,OP,BE,0.02265678
20186,OP,BE,-0.113580229
20187,OP,BE,-0.006716357
20167,INV,BA,0.003241756
20168,INV,BA,0.057627101
20169,INV,BA,-0.0055297
201610,INV,BA,0.041886622
201611,INV,BA,0.024956767
201612,INV,BA,-0.018028333
20171,INV,BA,-0.025123015
20172,INV,BA,0.044193883
20173,INV,BA,-0.036408265
20174,INV,BA,-0.100286275
20175,INV,BA,-0.093789417
20176,INV,BA,0.033632201
20177,INV,BA,0.009884293
20178,INV,BA,0.024978319
20179,INV,BA,1.39E-05
201710,INV,BA,-0.026673723
201711,INV,BA,-0.08270516
201712,INV,BA,-0.008504773
20181,INV,BA,-0.041732479
20182,INV,BA,-0.063772088
20183,INV,BA,0.052144923
20184,INV,BA,-0.048449847
20185,INV,BA,-0.02690466
20186,INV,BA,-0.119752344
20187,INV,BA,0.021840835
20167,INV,BB,0.004713422
20168,INV,BB,0.044798153
20169,INV,BB,-0.007411651
201610,INV,BB,0.035173641
201611,INV,BB,0.040601402
201612,INV,BB,-0.024874846
20171,INV,BB,-0.003634215
20172,INV,BB,0.024792092
20173,INV,BB,-0.028200958
20174,INV,BB,-0.088064811
20175,INV,BB,-0.080734075
20176,INV,BB,0.028245473
20177,INV,BB,0.004641749
20178,INV,BB,0.027563134
20179,INV,BB,-0.005751451
201710,INV,BB,-0.038668973
201711,INV,BB,-0.087101547
201712,INV,BB,-0.02714363
20181,INV,BB,-0.050813535
20182,INV,BB,-0.072161392
20183,INV,BB,0.057549326
20184,INV,BB,-0.033192452
20185,INV,BB,-0.0289425
20186,INV,BB,-0.115069828
20187,INV,BB,0.02665539
20167,INV,BC,-0.018432295
20168,INV,BC,0.078102263
20169,INV,BC,0.004658924
201610,INV,BC,0.052852117
201611,INV,BC,0.0351774
201612,INV,BC,-0.041417308
20171,INV,BC,-0.017571838
20172,INV,BC,0.033172984
20173,INV,BC,-0.030535139
20174,INV,BC,-0.028479463
20175,INV,BC,-0.0893167
20176,INV,BC,0.032245001
20177,INV,BC,0.022054507
20178,INV,BC,0.018386103
20179,INV,BC,0.012350761
201710,INV,BC,-0.03551437
201711,INV,BC,-0.071177009
201712,INV,BC,-0.024498063
20181,INV,BC,-0.016462284
20182,INV,BC,-0.067619972
20183,INV,BC,0.043408152
20184,INV,BC,-0.061342623
20185,INV,BC,-0.033732048
20186,INV,BC,-0.131599882
20187,INV,BC,0.007545438
20167,INV,BD,-0.013144539
20168,INV,BD,0.049152713
20169,INV,BD,-0.011287071
201610,INV,BD,0.056186207
201611,INV,BD,0.04603037
201612,INV,BD,-0.054941931
20171,INV,BD,-0.044998433
20172,INV,BD,0.037137838
20173,INV,BD,-0.03386708
20174,INV,BD,-0.064721202
20175,INV,BD,-0.071028005
20176,INV,BD,0.037164221
20177,INV,BD,-0.031399486
20178,INV,BD,0.039042901
20179,INV,BD,0.008791936
201710,INV,BD,-0.026389793
201711,INV,BD,-0.089949526
201712,INV,BD,-0.006510299
20181,INV,BD,-0.038149544
20182,INV,BD,-0.051774676
20183,INV,BD,0.065951444
20184,INV,BD,-0.051580407
20185,INV,BD,0.004307441
20186,INV,BD,-0.135512694
20187,INV,BD,0.00722625
20167,INV,BE,-0.023132306
20168,INV,BE,0.05440361
20169,INV,BE,0.015656957
201610,INV,BE,0.040437752
201611,INV,BE,0.019103029
201612,INV,BE,0.016878472
20171,INV,BE,-0.004946504
20172,INV,BE,0.056153387
20173,INV,BE,0.013846117
20174,INV,BE,-0.005645109
20175,INV,BE,-0.092769958
20176,INV,BE,0.023857481
20177,INV,BE,-0.025906023
20178,INV,BE,0.034633601
20179,INV,BE,0.029339748
201710,INV,BE,-0.011955977
201711,INV,BE,-0.058160558
201712,INV,BE,-0.023753831
20181,INV,BE,-0.049197694
20182,INV,BE,-0.058694823
20183,INV,BE,0.031314533
20184,INV,BE,-0.043788759
20185,INV,BE,-0.032466688
20186,INV,BE,-0.130158402
20187,INV,BE,-0.002690907
20167,BM,CA,0.002357055
20168,BM,CA,0.050762927
20169,BM,CA,-0.020592746
201610,BM,CA,0.032387112
201611,BM,CA,0.017199436
201612,BM,CA,-0.03912629
20171,BM,CA,-0.015559929
20172,BM,CA,0.043991474
20173,BM,CA,-0.008242672
20174,BM,CA,-0.065335272
20175,BM,CA,-0.07943944
20176,BM,CA,0.051265487
20177,BM,CA,0.008689947
20178,BM,CA,0.044835473
20179,BM,CA,0.029833688
201710,BM,CA,-0.001126312
201711,BM,CA,-0.046710728
201712,BM,CA,-0.022974359
20181,BM,CA,-0.030717118
20182,BM,CA,-0.043257415
20183,BM,CA,0.045995976
20184,BM,CA,-0.045985941
20185,BM,CA,-0.003815146
20186,BM,CA,-0.144704236
20187,BM,CA,-0.011707675
20167,BM,CB,-0.008043358
20168,BM,CB,0.035653157
20169,BM,CB,-0.00879734
201610,BM,CB,0.044016085
201611,BM,CB,0.024184992
201612,BM,CB,-0.033863069
20171,BM,CB,-0.043775185
20172,BM,CB,0.047937099
20173,BM,CB,-0.021419424
20174,BM,CB,-0.056178463
20175,BM,CB,-0.098844027
20176,BM,CB,0.041475115
20177,BM,CB,0.009050845
20178,BM,CB,0.037182475
20179,BM,CB,0.030307966
201710,BM,CB,-0.017518261
201711,BM,CB,-0.084440356
201712,BM,CB,-0.015688967
20181,BM,CB,-0.036691127
20182,BM,CB,-0.048078447
20183,BM,CB,0.05475884
20184,BM,CB,-0.029202088
20185,BM,CB,-0.01426737
20186,BM,CB,-0.140467568
20187,BM,CB,0.017892977
20167,BM,CC,-0.006376453
20168,BM,CC,0.036136347
20169,BM,CC,-0.015842521
201610,BM,CC,0.029946561
201611,BM,CC,0.014696727
201612,BM,CC,-0.033643039
20171,BM,CC,-0.002797598
20172,BM,CC,0.023163893
20173,BM,CC,-0.026476827
20174,BM,CC,-0.057260481
20175,BM,CC,-0.074168729
20176,BM,CC,0.027179416
20177,BM,CC,0.009672897
20178,BM,CC,0.020784337
20179,BM,CC,0.025492792
201710,BM,CC,-0.041268389
201711,BM,CC,-0.076565764
201712,BM,CC,-0.037768818
20181,BM,CC,-0.022755995
20182,BM,CC,-0.049056032
20183,BM,CC,0.018669652
20184,BM,CC,-0.052814854
20185,BM,CC,-0.03353863
20186,BM,CC,-0.128223436
20187,BM,CC,0.039943753
20167,BM,CD,0.008425432
20168,BM,CD,0.052299893
20169,BM,CD,-0.016637386
201610,BM,CD,0.034754902
201611,BM,CD,0.015392154
201612,BM,CD,-0.040527722
20171,BM,CD,-0.018513602
20172,BM,CD,0.058251893
20173,BM,CD,-0.009924312
20174,BM,CD,-0.044132208
20175,BM,CD,-0.080719034
20176,BM,CD,0.036755855
20177,BM,CD,0.036559969
20178,BM,CD,0.027094996
20179,BM,CD,0.017462004
201710,BM,CD,-0.016224646
201711,BM,CD,-0.072756681
201712,BM,CD,-0.036773898
20181,BM,CD,-0.028581991
20182,BM,CD,-0.03141949
20183,BM,CD,0.011445282
20184,BM,CD,-0.051706552
20185,BM,CD,-0.008236145
20186,BM,CD,-0.118456669
20187,BM,CD,0.01525642
20167,BM,CE,0.013973666
20168,BM,CE,0.070703513
20169,BM,CE,0.005647601
201610,BM,CE,0.036256339
201611,BM,CE,0.031162762
201612,BM,CE,-0.034294849
20171,BM,CE,-0.012242863
20172,BM,CE,0.06485022
20173,BM,CE,0.001830868
20174,BM,CE,-0.029441276
20175,BM,CE,-0.073425148
20176,BM,CE,0.023780845
20177,BM,CE,0.018503436
20178,BM,CE,0.032915841
20179,BM,CE,-0.005506716
201710,BM,CE,-0.035830678
201711,BM,CE,-0.066442255
201712,BM,CE,-0.012211118
20181,BM,CE,0.002428255
20182,BM,CE,-0.068816608
20183,BM,CE,0.013596616
20184,BM,CE,-0.046098015
20185,BM,CE,-0.023600039
20186,BM,CE,-0.108409548
20187,BM,CE,0.014822344
20167,OP,CA,-0.013237636
20168,OP,CA,0.029963294
20169,OP,CA,-0.020635521
201610,OP,CA,0.033001973
201611,OP,CA,0.023258762
201612,OP,CA,-0.043746198
20171,OP,CA,-0.018683488
20172,OP,CA,0.044593838
20173,OP,CA,-0.023639512
20174,OP,CA,-0.065274046
20175,OP,CA,-0.071058329
20176,OP,CA,0.025479211
20177,OP,CA,0.014581978
20178,OP,CA,0.023927619
20179,OP,CA,0.018469347
201710,OP,CA,-0.052659772
201711,OP,CA,-0.07928881
201712,OP,CA,-0.030603649
20181,OP,CA,-0.048534255
20182,OP,CA,-0.046416175
20183,OP,CA,0.041730191
20184,OP,CA,-0.060076607
20185,OP,CA,-0.019847661
20186,OP,CA,-0.118284625
20187,OP,CA,0.044024626
20167,OP,CB,-0.000309732
20168,OP,CB,0.05691406
20169,OP,CB,-0.022230687
201610,OP,CB,0.022239911
201611,OP,CB,0.011209924
201612,OP,CB,-0.03423951
20171,OP,CB,-0.012786952
20172,OP,CB,0.040186874
20173,OP,CB,-0.013542008
20174,OP,CB,-0.079841349
20175,OP,CB,-0.097271036
20176,OP,CB,0.036245143
20177,OP,CB,0.014858671
20178,OP,CB,0.03691178
20179,OP,CB,0.03269184
201710,OP,CB,-0.029090043
201711,OP,CB,-0.063598147
201712,OP,CB,-0.026527111
20181,OP,CB,-0.034392037
20182,OP,CB,-0.058872675
20183,OP,CB,0.028511529
20184,OP,CB,-0.037107117
20185,OP,CB,-0.022716868
20186,OP,CB,-0.148058118
20187,OP,CB,0.021272745
20167,OP,CC,0.000780172
20168,OP,CC,0.056942932
20169,OP,CC,-0.004244959
201610,OP,CC,0.036144366
201611,OP,CC,0.013351601
201612,OP,CC,-0.03765141
20171,OP,CC,-0.029675634
20172,OP,CC,0.053668713
20173,OP,CC,-0.016227329
20174,OP,CC,-0.052318698
20175,OP,CC,-0.085081765
20176,OP,CC,0.026878595
20177,OP,CC,0.011865588
20178,OP,CC,0.029177072
20179,OP,CC,0.01157527
201710,OP,CC,-0.003224923
201711,OP,CC,-0.069428606
201712,OP,CC,-0.032731607
20181,OP,CC,-0.017340154
20182,OP,CC,-0.048757386
20183,OP,CC,0.035708372
20184,OP,CC,-0.039836977
20185,OP,CC,-0.022197803
20186,OP,CC,-0.14167546
20187,OP,CC,0.016794418
20167,OP,CD,0.029320877
20168,OP,CD,0.044912048
20169,OP,CD,-0.006122777
201610,OP,CD,0.037748004
201611,OP,CD,0.022935982
201612,OP,CD,-0.048443432
20171,OP,CD,-0.015655996
20172,OP,CD,0.041131555
20173,OP,CD,-0.015688177
20174,OP,CD,-0.010486609
20175,OP,CD,-0.063856494
20176,OP,CD,0.046957958
20177,OP,CD,0.02236693
20178,OP,CD,0.031067096
20179,OP,CD,0.002882796
201710,OP,CD,-0.025868768
201711,OP,CD,-0.068167538
201712,OP,CD,-0.020273512
20181,OP,CD,-0.001897977
20182,OP,CD,-0.047180104
20183,OP,CD,0.020228386
20184,OP,CD,-0.040885606
20185,OP,CD,-0.004010933
20186,OP,CD,-0.119068567
20187,OP,CD,0.011133253
20167,OP,CE,-0.00117882
20168,OP,CE,0.050895656
20169,OP,CE,0.001489242
201610,OP,CE,0.061535087
201611,OP,CE,0.038104909
201612,OP,CE,-0.009428387
20171,OP,CE,-0.010093369
20172,OP,CE,0.058790736
20173,OP,CE,0.010394761
20174,OP,CE,-0.025040027
20175,OP,CE,-0.084383225
20176,OP,CE,0.051353583
20177,OP,CE,0.027518366
20178,OP,CE,0.039291132
20179,OP,CE,0.034544348
201710,OP,CE,0.003279211
201711,OP,CE,-0.067814367
201712,OP,CE,-0.017085077
20181,OP,CE,-0.011619578
20182,OP,CE,-0.027576542
20183,OP,CE,0.007275757
20184,OP,CE,-0.053887358
20185,OP,CE,-0.00747179
20186,OP,CE,-0.10169735
20187,OP,CE,-0.027714814
20167,INV,CA,0.012697456
20168,INV,CA,0.037941457
20169,INV,CA,-0.009149602
201610,INV,CA,0.051600549
201611,INV,CA,0.023876658
201612,INV,CA,-0.005237183
20171,INV,CA,-0.013890173
20172,INV,CA,0.042560011
20173,INV,CA,-0.028739735
20174,INV,CA,-0.074900465
20175,INV,CA,-0.110065498
20176,INV,CA,0.038298181
20177,INV,CA,0.043084526
20178,INV,CA,0.016184089
20179,INV,CA,0.024917665
201710,INV,CA,-0.03333117
201711,INV,CA,-0.083082233
201712,INV,CA,-0.024252248
20181,INV,CA,-0.025873125
20182,INV,CA,-0.055479135
20183,INV,CA,0.025808641
20184,INV,CA,-0.05150012
20185,INV,CA,-0.023065007
20186,INV,CA,-0.127959753
20187,INV,CA,0.051038141
20167,INV,CB,0.003909856
20168,INV,CB,0.053393072
20169,INV,CB,-0.022119235
201610,INV,CB,0.029524605
201611,INV,CB,0.027220314
201612,INV,CB,-0.03839029
20171,INV,CB,-0.022545204
20172,INV,CB,0.04811726
20173,INV,CB,-0.019213638
20174,INV,CB,-0.0601519
20175,INV,CB,-0.085383155
20176,INV,CB,0.031508095
20177,INV,CB,0.021973463
20178,INV,CB,0.032141793
20179,INV,CB,0.005456344
201710,INV,CB,-0.018988532
201711,INV,CB,-0.070178249
201712,INV,CB,-0.014890819
20181,INV,CB,-0.024930731
20182,INV,CB,-0.061541769
20183,INV,CB,0.038217968
20184,INV,CB,-0.050921268
20185,INV,CB,-0.002657634
20186,INV,CB,-0.122745287
20187,INV,CB,0.009255988
20167,INV,CC,-0.010297112
20168,INV,CC,0.036956175
20169,INV,CC,-0.010263945
201610,INV,CC,0.0317828
201611,INV,CC,0.006798034
201612,INV,CC,-0.05186651
20171,INV,CC,-0.013244804
20172,INV,CC,0.037919073
20173,INV,CC,-0.023074992
20174,INV,CC,-0.052861684
20175,INV,CC,-0.069578753
20176,INV,CC,0.042645808
20177,INV,CC,0.0263564
20178,INV,CC,0.034738492
20179,INV,CC,0.032147072
201710,INV,CC,-0.029687944
201711,INV,CC,-0.067810497
201712,INV,CC,-0.021268532
20181,INV,CC,-0.02958127
20182,INV,CC,-0.043030881
20183,INV,CC,0.019143725
20184,INV,CC,-0.022636693
20185,INV,CC,-0.020852663
20186,INV,CC,-0.123849177
20187,INV,CC,0.013999718
20167,INV,CD,0.013246159
20168,INV,CD,0.054602947
20169,INV,CD,-0.004800788
201610,INV,CD,0.032569896
201611,INV,CD,0.010251852
201612,INV,CD,-0.057398056
20171,INV,CD,-0.018264484
20172,INV,CD,0.059573116
20173,INV,CD,-0.001268215
20174,INV,CD,-0.028685433
20175,INV,CD,-0.06370453
20176,INV,CD,0.027228584
20177,INV,CD,-0.002569187
20178,INV,CD,0.047387521
20179,INV,CD,0.022852063
201710,INV,CD,-0.020916245
201711,INV,CD,-0.066192858
201712,INV,CD,-0.03962895
20181,INV,CD,-0.036716089
20182,INV,CD,-0.042028882
20183,INV,CD,0.021721921
20184,INV,CD,-0.043823627
20185,INV,CD,-0.003005478
20186,INV,CD,-0.118889792
20187,INV,CD,-0.001318397
20167,INV,CE,-0.01655907
20168,INV,CE,0.058223786
20169,INV,CE,-0.014466834
201610,INV,CE,0.025287653
201611,INV,CE,0.027766882
201612,INV,CE,-0.037667945
20171,INV,CE,-0.023241449
20172,INV,CE,0.048155869
20173,INV,CE,0.009763676
20174,INV,CE,-0.031847386
20175,INV,CE,-0.071228702
20176,INV,CE,0.039716979
20177,INV,CE,-0.007616969
20178,INV,CE,0.030323231
20179,INV,CE,0.014262208
201710,INV,CE,-0.009176906
201711,INV,CE,-0.059970462
201712,INV,CE,-0.031933999
20181,INV,CE,-0.004546522
20182,INV,CE,-0.032909701
20183,INV,CE,0.03448616
20184,INV,CE,-0.057495541
20185,INV,CE,-0.031895007
20186,INV,CE,-0.146013174
20187,INV,CE,0.005810997
20167,BM,DA,-0.021351129
20168,BM,DA,0.052933011
20169,BM,DA,-0.011661371
201610,BM,DA,0.062835574
201611,BM,DA,0.02373597
201612,BM,DA,-0.026226033
20171,BM,DA,-0.017612834
20172,BM,DA,0.041273709
20173,BM,DA,-0.010464581
20174,BM,DA,-0.032193336
20175,BM,DA,-0.072542066
20176,BM,DA,0.077619333
20177,BM,DA,0.07383119
20178,BM,DA,0.012429294
20179,BM,DA,0.029913247
201710,BM,DA,-0.001176497
201711,BM,DA,-0.061811433
201712,BM,DA,0.008308012
20181,BM,DA,-0.017764228
20182,BM,DA,-0.016201888
20183,BM,DA,0.035798015
20184,BM,DA,-0.029675049
20185,BM,DA,0.035984141
20186,BM,DA,-0.090403557
20187,BM,DA,0.001552411
20167,BM,DB,0.021357888
20168,BM,DB,0.02465409
20169,BM,DB,-0.008284695
201610,BM,DB,0.033183407
201611,BM,DB,0.010001817
201612,BM,DB,-0.039014603
20171,BM,DB,-0.02386765
20172,BM,DB,0.040009121
20173,BM,DB,-0.000447499
20174,BM,DB,-0.03722384
20175,BM,DB,-0.07265016
20176,BM,DB,0.063424667
20177,BM,DB,0.030545743
20178,BM,DB,0.034461256
20179,BM,DB,0.02312681
201710,BM,DB,-0.024700814
201711,BM,DB,-0.027899786
201712,BM,DB,0.011534229
20181,BM,DB,-0.015959549
20182,BM,DB,-0.024530658
20183,BM,DB,0.039721014
20184,BM,DB,-0.029213097
20185,BM,DB,0.002881309
20186,BM,DB,-0.100457696
20187,BM,DB,0.005743299
20167,BM,DC,0.000175117
20168,BM,DC,0.047015051
20169,BM,DC,-0.013165342
201610,BM,DC,0.037714377
201611,BM,DC,0.032036529
201612,BM,DC,-0.041735628
20171,BM,DC,-0.012577312
20172,BM,DC,0.051509092
20173,BM,DC,-0.013030161
20174,BM,DC,-0.005403268
20175,BM,DC,-0.075498669
20176,BM,DC,0.054723068
20177,BM,DC,0.025932688
20178,BM,DC,0.019871232
20179,BM,DC,0.026042607
201710,BM,DC,-0.012453814
201711,BM,DC,-0.042291579
201712,BM,DC,-0.019074722
20181,BM,DC,-0.031713602
20182,BM,DC,-0.025501939
20183,BM,DC,0.036028825
20184,BM,DC,-0.037387033
20185,BM,DC,-0.013798928
20186,BM,DC,-0.105029592
20187,BM,DC,0.008442157
20167,BM,DD,0.020128989
20168,BM,DD,0.054564445
20169,BM,DD,-0.040143441
201610,BM,DD,0.028367795
201611,BM,DD,0.015178455
201612,BM,DD,-0.051701125
20171,BM,DD,-0.015850307
20172,BM,DD,0.049137619
20173,BM,DD,-0.005077374
20174,BM,DD,-0.062633579
20175,BM,DD,-0.080449497
20176,BM,DD,0.051406209
20177,BM,DD,0.04360107
20178,BM,DD,0.020337633
20179,BM,DD,0.006748776
201710,BM,DD,-0.021316237
201711,BM,DD,-0.040535402
201712,BM,DD,-0.016497046
20181,BM,DD,-0.002574331
20182,BM,DD,-0.054490122
20183,BM,DD,0.003483271
20184,BM,DD,-0.040075292
20185,BM,DD,0.005459262
20186,BM,DD,-0.089301717
20187,BM,DD,0.001346559
20167,BM,DE,0.01823514
20168,BM,DE,0.051917979
20169,BM,DE,-0.010528812
201610,BM,DE,0.027655517
201611,BM,DE,0.035479172
201612,BM,DE,-0.037430832
20171,BM,DE,-0.000111824
20172,BM,DE,0.049774161
20173,BM,DE,-0.006789564
20174,BM,DE,-0.026725368
20175,BM,DE,-0.064308081
20176,BM,DE,0.040998214
20177,BM,DE,0.069986551
20178,BM,DE,0.031043431
20179,BM,DE,-0.002906692
201710,BM,DE,-0.035569328
201711,BM,DE,-0.049798735
201712,BM,DE,-0.021460255
20181,BM,DE,0.013647253
20182,BM,DE,-0.057987553
20183,BM,DE,-0.008331344
20184,BM,DE,-0.041907383
20185,BM,DE,-0.005287803
20186,BM,DE,-0.088064268
20187,BM,DE,0.029896631
20167,OP,DA,-0.017531476
20168,OP,DA,0.03404405
20169,OP,DA,-0.018891754
201610,OP,DA,0.019462288
201611,OP,DA,0.026328667
201612,OP,DA,-0.054061804
20171,OP,DA,-0.014064919
20172,OP,DA,0.035600164
20173,OP,DA,-0.023817119
20174,OP,DA,-0.078697038
20175,OP,DA,-0.091141536
20176,OP,DA,0.032599266
20177,OP,DA,0.040123438
20178,OP,DA,0.021178204
20179,OP,DA,0.021717282
201710,OP,DA,-0.052551957
201711,OP,DA,-0.056344899
201712,OP,DA,-0.003619537
20181,OP,DA,-0.052385747
20182,OP,DA,-0.041505955
20183,OP,DA,0.04571265
20184,OP,DA,-0.021797462
20185,OP,DA,-0.028504679
20186,OP,DA,-0.096675085
20187,OP,DA,0.043702125
20167,OP,DB,0.019437236
20168,OP,DB,0.047341425
20169,OP,DB,-0.025052027
201610,OP,DB,0.037896944
201611,OP,DB,0.029671099
201612,OP,DB,-0.049785989
20171,OP,DB,-0.024038014
20172,OP,DB,0.046668442
20173,OP,DB,-0.001617875
20174,OP,DB,-0.016741083
20175,OP,DB,-0.086527415
20176,OP,DB,0.042668364
20177,OP,DB,0.030086037
20178,OP,DB,0.022337433
20179,OP,DB,0.031126296
201710,OP,DB,-0.033901518
201711,OP,DB,-0.050164487
201712,OP,DB,-0.014123988
20181,OP,DB,-0.021984169
20182,OP,DB,-0.046000581
20183,OP,DB,0.018564113
20184,OP,DB,-0.032698529
20185,OP,DB,0.002720063
20186,OP,DB,-0.107323843
20187,OP,DB,0.002353952
20167,OP,DC,0.035554387
20168,OP,DC,0.036169905
20169,OP,DC,-0.033285292
201610,OP,DC,0.042014949
201611,OP,DC,0.03087098
201612,OP,DC,-0.029606987
20171,OP,DC,-0.020439718
20172,OP,DC,0.039685686
20173,OP,DC,-0.01826879
20174,OP,DC,-0.068400158
20175,OP,DC,-0.061996292
20176,OP,DC,0.056886505
20177,OP,DC,0.063629231
20178,OP,DC,0.030503152
20179,OP,DC,0.015283471
201710,OP,DC,-0.020047443
201711,OP,DC,-0.046408842
201712,OP,DC,-0.00600178
20181,OP,DC,-0.030366818
20182,OP,DC,-0.044487218
20183,OP,DC,0.044250192
20184,OP,DC,-0.038035829
20185,OP,DC,0.004416882
20186,OP,DC,-0.101461643
20187,OP,DC,0.005697542
20167,OP,DD,-0.00525097
20168,OP,DD,0.05253132
20169,OP,DD,-0.011934841
201610,OP,DD,0.04401372
201611,OP,DD,0.008472219
201612,OP,DD,-0.04224625
20171,OP,DD,-0.011822695
20172,OP,DD,0.052026395
20173,OP,DD,-0.005221493
20174,OP,DD,-0.011650221
20175,OP,DD,-0.063934889
20176,OP,DD,0.057848177
20177,OP,DD,0.033079753
20178,OP,DD,0.035340865
20179,OP,DD,0.010081495
201710,OP,DD,-0.013751703
201711,OP,DD,-0.042219388
201712,OP,DD,-0.00166512
20181,OP,DD,-0.015779324
20182,OP,DD,-0.022820071
20183,OP,DD,0.02207464
20184,OP,DD,-0.034138647
20185,OP,DD,0.006831202
20186,OP,DD,-0.095376462
20187,OP,DD,0.00995314
20167,OP,DE,0.01592326
20168,OP,DE,0.054805421
20169,OP,DE,-0.002452521
201610,OP,DE,0.038961117
201611,OP,DE,0.02692854
201612,OP,DE,-0.024585333
20171,OP,DE,-0.001660292
20172,OP,DE,0.052682158
20173,OP,DE,0.006953399
20174,OP,DE,-0.015176254
20175,OP,DE,-0.070198098
20176,OP,DE,0.081762353
20177,OP,DE,0.076967713
20178,OP,DE,0.0084446
20179,OP,DE,0.00738735
201710,OP,DE,0.003179586
201711,OP,DE,-0.032492031
201712,OP,DE,-0.013358533
20181,OP,DE,0.044394422
20182,OP,DE,-0.036138181
20183,OP,DE,-0.010528385
20184,OP,DE,-0.046353981
20185,OP,DE,0.025067626
20186,OP,DE,-0.078226357
20187,OP,DE,-0.002346741
20167,INV,DA,0.017690856
20168,INV,DA,0.043876454
20169,INV,DA,-0.019671881
201610,INV,DA,0.031164016
201611,INV,DA,0.03419695
201612,INV,DA,-0.050527267
20171,INV,DA,-0.009304373
20172,INV,DA,0.048459024
20173,INV,DA,-0.019688307
20174,INV,DA,-0.037224249
20175,INV,DA,-0.100340524
20176,INV,DA,0.043431897
20177,INV,DA,0.062912976
20178,INV,DA,0.007273733
20179,INV,DA,0.008741722
201710,INV,DA,-0.037795015
201711,INV,DA,-0.049631038
201712,INV,DA,-0.016077051
20181,INV,DA,0.00588818
20182,INV,DA,-0.057800462
20183,INV,DA,0.013348175
20184,INV,DA,-0.028686543
20185,INV,DA,-0.006239137
20186,INV,DA,-0.099294388
20187,INV,DA,0.027971292
20167,INV,DB,0.011938158
20168,INV,DB,0.047173418
20169,INV,DB,-0.026421121
201610,INV,DB,0.022166104
201611,INV,DB,0.039834092
201612,INV,DB,-0.01402238
20171,INV,DB,-0.007074083
20172,INV,DB,0.054357018
20173,INV,DB,-0.001170893
20174,INV,DB,-0.045418941
20175,INV,DB,-0.07139303
20176,INV,DB,0.053822329
20177,INV,DB,0.081319712
20178,INV,DB,0.040920958
20179,INV,DB,-0.002403638
201710,INV,DB,-0.033142943
201711,INV,DB,-0.035068235
201712,INV,DB,-0.002541604
20181,INV,DB,0.006701167
20182,INV,DB,-0.052630488
20183,INV,DB,0.007518696
20184,INV,DB,-0.035242856
20185,INV,DB,0.008881391
20186,INV,DB,-0.091955296
20187,INV,DB,0.007263542
20167,INV,DC,0.00732282
20168,INV,DC,0.035687975
20169,INV,DC,-0.013358468
201610,INV,DC,0.048517375
201611,INV,DC,0.013572151
201612,INV,DC,-0.045131706
20171,INV,DC,-0.015821475
20172,INV,DC,0.043946382
20173,INV,DC,-0.008906329
20174,INV,DC,-0.038884793
20175,INV,DC,-0.067038058
20176,INV,DC,0.059801702
20177,INV,DC,0.015323076
20178,INV,DC,0.019250988
20179,INV,DC,0.006910068
201710,INV,DC,-0.011699534
201711,INV,DC,-0.04658998
201712,INV,DC,-0.010248119
20181,INV,DC,-0.017230468
20182,INV,DC,-0.031574631
20183,INV,DC,0.025975952
20184,INV,DC,-0.035081487
20185,INV,DC,0.01596801
20186,INV,DC,-0.088963724
20187,INV,DC,0.018004383
20167,INV,DD,0.004868184
20168,INV,DD,0.04946642
20169,INV,DD,-0.014448139
201610,INV,DD,0.033580812
201611,INV,DD,0.02024963
201612,INV,DD,-0.046127815
20171,INV,DD,-0.015809612
20172,INV,DD,0.045815758
20173,INV,DD,-0.006819153
20174,INV,DD,-0.006728753
20175,INV,DD,-0.065354013
20176,INV,DD,0.065586093
20177,INV,DD,0.058293235
20178,INV,DD,0.025509795
20179,INV,DD,0.018374248
201710,INV,DD,-0.008672099
201711,INV,DD,-0.05871545
201712,INV,DD,-0.002316324
20181,INV,DD,-0.00297166
20182,INV,DD,-0.030202024
20183,INV,DD,0.031379257
20184,INV,DD,-0.040873844
20185,INV,DD,0.00394201
20186,INV,DD,-0.077996539
20187,INV,DD,0.014666838
20167,INV,DE,0.003411838
20168,INV,DE,0.054718416
20169,INV,DE,-0.012661704
201610,INV,DE,0.047872064
201611,INV,DE,0.011037802
201612,INV,DE,-0.039635062
20171,INV,DE,-0.01970898
20172,INV,DE,0.041168293
20173,INV,DE,0.001330461
20174,INV,DE,-0.035761207
20175,INV,DE,-0.063718053
20176,INV,DE,0.060060742
20177,INV,DE,0.033622145
20178,INV,DE,0.027727627
20179,INV,DE,0.043033194
201710,INV,DE,-0.012230182
201711,INV,DE,-0.031832199
201712,INV,DE,-0.007085115
20181,INV,DE,-0.037259533
20182,INV,DE,-0.015236343
20183,INV,DE,0.02475119
20184,INV,DE,-0.037458779
20185,INV,DE,0.001389309
20186,INV,DE,-0.112882531
20187,INV,DE,-0.014462139
20167,BM,EA,0.063922006
20168,BM,EA,0.009919073
20169,BM,EA,-0.018556872
201610,BM,EA,0.035374631
201611,BM,EA,0.013315928
201612,BM,EA,-0.032967056
20171,BM,EA,0.017395142
20172,BM,EA,0.046801908
20173,BM,EA,0.065811045
20174,BM,EA,0.029480595
20175,BM,EA,0.02947224
20176,BM,EA,0.107156987
20177,BM,EA,0.032234372
20178,BM,EA,0.040698976
20179,BM,EA,0.06901757
201710,BM,EA,0.109285473
201711,BM,EA,-0.01668371
201712,BM,EA,0.07925259
20181,BM,EA,0.045172806
20182,BM,EA,-0.010606662
20183,BM,EA,0.006360529
20184,BM,EA,-0.023257021
20185,BM,EA,0.115129215
20186,BM,EA,-0.0534237
20187,BM,EA,-0.022013488
20167,BM,EB,0.052117058
20168,BM,EB,0.034915098
20169,BM,EB,0.017273345
201610,BM,EB,0.021705957
201611,BM,EB,0.058914762
201612,BM,EB,-0.044170705
20171,BM,EB,0.015217754
20172,BM,EB,0.038212294
20173,BM,EB,0.03990239
20174,BM,EB,-0.003002496
20175,BM,EB,0.024682592
20176,BM,EB,0.102072344
20177,BM,EB,0.018049739
20178,BM,EB,0.024356168
20179,BM,EB,0.022914751
201710,BM,EB,0.063937896
201711,BM,EB,-0.00345387
201712,BM,EB,0.037679836
20181,BM,EB,0.044871349
20182,BM,EB,-0.021943209
20183,BM,EB,0.00138131
20184,BM,EB,-0.035631756
20185,BM,EB,0.06701435
20186,BM,EB,-0.056213064
20187,BM,EB,-0.011601215
20167,BM,EC,0.05760788
20168,BM,EC,0.019594049
20169,BM,EC,-0.022240294
201610,BM,EC,0.024362478
201611,BM,EC,0.0444291
201612,BM,EC,-0.047613585
20171,BM,EC,0.039110027
20172,BM,EC,0.039866042
20173,BM,EC,0.007078115
20174,BM,EC,-0.010732225
20175,BM,EC,-0.034365366
20176,BM,EC,0.070138528
20177,BM,EC,0.067747317
20178,BM,EC,0.013905127
20179,BM,EC,0.019830585
201710,BM,EC,0.034306394
201711,BM,EC,-0.016033024
201712,BM,EC,0.002776719
20181,BM,EC,0.043034825
20182,BM,EC,-0.023822366
20183,BM,EC,-0.005647597
20184,BM,EC,-0.025644182
20185,BM,EC,0.0218369
20186,BM,EC,-0.063918169
20187,BM,EC,0.025589043
20167,BM,ED,0.042248646
20168,BM,ED,0.032277301
20169,BM,ED,-0.026656957
201610,BM,ED,0.044524337
201611,BM,ED,0.069479548
201612,BM,ED,-0.021124997
20171,BM,ED,0.057689052
20172,BM,ED,0.001011698
20173,BM,ED,-0.010986971
20174,BM,ED,-0.007946075
20175,BM,ED,0.003448084
20176,BM,ED,0.041396493
20177,BM,ED,0.044771993
20178,BM,ED,0.012712689
20179,BM,ED,0.0046576
201710,BM,ED,0.047527829
201711,BM,ED,0.007958415
201712,BM,ED,0.006545283
20181,BM,ED,0.060071042
20182,BM,ED,-0.058279072
20183,BM,ED,-0.046276228
20184,BM,ED,-0.014189886
20185,BM,ED,0.016988906
20186,BM,ED,-0.05872824
20187,BM,ED,0.020174161
20167,BM,EE,0.026861655
20168,BM,EE,0.058465825
20169,BM,EE,-0.023328289
201610,BM,EE,0.024363776
201611,BM,EE,0.07594161
201612,BM,EE,-0.05033929
20171,BM,EE,0.03856345
20172,BM,EE,0.017530043
20173,BM,EE,-0.004238657
20174,BM,EE,0.006075284
20175,BM,EE,0.04056197
20176,BM,EE,0.023475582
20177,BM,EE,0.066054276
20178,BM,EE,0.030302754
20179,BM,EE,-0.010413543
201710,BM,EE,0.015849399
201711,BM,EE,0.010154553
201712,BM,EE,-0.004074291
20181,BM,EE,0.117056727
20182,BM,EE,-0.081584838
20183,BM,EE,-0.049942797
20184,BM,EE,-0.023085077
20185,BM,EE,-0.021576552
20186,BM,EE,-0.062218255
20187,BM,EE,0.052913271
20167,OP,EA,0.041587573
20168,OP,EA,0.018700256
20169,OP,EA,-0.034120464
201610,OP,EA,0.066650023
201611,OP,EA,0.1123563
201612,OP,EA,-0.020021182
20171,OP,EA,-0.004094877
20172,OP,EA,0.034966229
20173,OP,EA,-0.024222642
20174,OP,EA,-0.057324241
20175,OP,EA,-0.072734821
20176,OP,EA,0.017804248
20177,OP,EA,0.053399606
20178,OP,EA,0.045900226
20179,OP,EA,0.009545538
201710,OP,EA,-0.015624663
201711,OP,EA,-0.049315191
201712,OP,EA,0.013346027
20181,OP,EA,0.029562448
20182,OP,EA,-0.051240193
20183,OP,EA,-0.015317441
20184,OP,EA,-0.019007511
20185,OP,EA,-0.001265293
20186,OP,EA,-0.10362867
20187,OP,EA,0.02910176
20167,OP,EB,0.020558301
20168,OP,EB,0.043705143
20169,OP,EB,-0.039877192
201610,OP,EB,0.027493865
201611,OP,EB,0.041920627
201612,OP,EB,-0.013873717
20171,OP,EB,0.054523485
20172,OP,EB,0.002369787
20173,OP,EB,-0.024877725
20174,OP,EB,0.017656408
20175,OP,EB,-0.038249914
20176,OP,EB,0.021584316
20177,OP,EB,0.060576615
20178,OP,EB,0.016738976
20179,OP,EB,-0.013067664
201710,OP,EB,-3.51E-05
201711,OP,EB,-0.027182093
201712,OP,EB,-0.00820672
20181,OP,EB,0.048245269
20182,OP,EB,-0.078156564
20183,OP,EB,-0.01251302
20184,OP,EB,-0.014967262
20185,OP,EB,0.01322746
20186,OP,EB,-0.052905927
20187,OP,EB,0.019397336
20167,OP,EC,0.019020868
20168,OP,EC,0.039906835
20169,OP,EC,-0.028607082
201610,OP,EC,0.042172113
201611,OP,EC,0.075997147
201612,OP,EC,-0.045797559
20171,OP,EC,0.031787479
20172,OP,EC,0.015151294
20173,OP,EC,-0.010610606
20174,OP,EC,-0.003254041
20175,OP,EC,-0.006785373
20176,OP,EC,0.029734044
20177,OP,EC,0.052538059
20178,OP,EC,0.016436692
20179,OP,EC,0.014535009
201710,OP,EC,0.028245643
201711,OP,EC,-0.014744298
201712,OP,EC,-0.004885304
20181,OP,EC,0.027958081
20182,OP,EC,-0.042850954
20183,OP,EC,0.003985797
20184,OP,EC,-0.022030618
20185,OP,EC,-0.003476452
20186,OP,EC,-0.079282866
20187,OP,EC,0.030751525
20167,OP,ED,0.038211141
20168,OP,ED,0.040290749
20169,OP,ED,-0.025598339
201610,OP,ED,0.032911202
201611,OP,ED,0.075359489
201612,OP,ED,-0.051412822
20171,OP,ED,0.038281464
20172,OP,ED,0.031136924
20173,OP,ED,-0.008511645
20174,OP,ED,-0.012208408
20175,OP,ED,0.018594257
20176,OP,ED,0.036235624
20177,OP,ED,0.061450049
20178,OP,ED,0.037558831
20179,OP,ED,-0.016617525
201710,OP,ED,0.020387182
201711,OP,ED,0.016911499
201712,OP,ED,0.001101195
20181,OP,ED,0.069546666
20182,OP,ED,-0.052239136
20183,OP,ED,-0.039522579
20184,OP,ED,-0.018116618
20185,OP,ED,-0.000837923
20186,OP,ED,-0.076211725
20187,OP,ED,0.037130778
20167,OP,EE,0.051569808
20168,OP,EE,0.046427452
20169,OP,EE,-0.00728888
201610,OP,EE,0.020189553
201611,OP,EE,0.054102883
201612,OP,EE,-0.046349494
20171,OP,EE,0.037037738
20172,OP,EE,0.024300599
20173,OP,EE,0.035269477
20174,OP,EE,0.015575051
20175,OP,EE,0.05747124
20176,OP,EE,0.068895646
20177,OP,EE,0.049023246
20178,OP,EE,0.027213244
20179,OP,EE,0.025961189
201710,OP,EE,0.067318202
201711,OP,EE,0.008665943
201712,OP,EE,0.033528672
20181,OP,EE,0.1125647
20182,OP,EE,-0.0561028
20183,OP,EE,-0.040525948
20184,OP,EE,-0.027092868
20185,OP,EE,0.04197386
20186,OP,EE,-0.047400628
20187,OP,EE,0.021064505
20167,INV,EA,0.043475812
20168,INV,EA,0.040008975
20169,INV,EA,-0.026634946
201610,INV,EA,0.061936513
201611,INV,EA,0.070399547
201612,INV,EA,-0.045642681
20171,INV,EA,0.021987637
20172,INV,EA,0.019919402
20173,INV,EA,-0.006822901
20174,INV,EA,-0.025071292
20175,INV,EA,-0.000116123
20176,INV,EA,0.033230542
20177,INV,EA,0.04944093
20178,INV,EA,0.034931333
20179,INV,EA,0.003868862
201710,INV,EA,-0.022355544
201711,INV,EA,0.004075377
201712,INV,EA,-0.025858764
20181,INV,EA,0.070497793
20182,INV,EA,-0.077735736
20183,INV,EA,-0.039156
20184,INV,EA,-0.010312947
20185,INV,EA,-0.025618144
20186,INV,EA,-0.056424297
20187,INV,EA,0.014172075
20167,INV,EB,0.02920268
20168,INV,EB,0.044047327
20169,INV,EB,-0.031463399
201610,INV,EB,0.023583566
201611,INV,EB,0.050803327
201612,INV,EB,-0.028982172
20171,INV,EB,0.050882544
20172,INV,EB,0.003083193
20173,INV,EB,-0.018349438
20174,INV,EB,-0.013299484
20175,INV,EB,0.021729358
20176,INV,EB,0.032411901
20177,INV,EB,0.055119721
20178,INV,EB,0.011546973
20179,INV,EB,-0.013071282
201710,INV,EB,0.018762122
201711,INV,EB,0.005965378
201712,INV,EB,-0.004267222
20181,INV,EB,0.07583512
20182,INV,EB,-0.061154032
20183,INV,EB,-0.040986795
20184,INV,EB,-0.007772792
20185,INV,EB,0.010891563
20186,INV,EB,-0.06426134
20187,INV,EB,0.046445887
20167,INV,EC,0.030078542
20168,INV,EC,0.03962324
20169,INV,EC,-0.021410303
201610,INV,EC,0.026564122
201611,INV,EC,0.084343998
201612,INV,EC,-0.045362914
20171,INV,EC,0.040081076
20172,INV,EC,0.022005062
20173,INV,EC,0.009924543
20174,INV,EC,-2.96E-05
20175,INV,EC,0.028296751
20176,INV,EC,0.016685124
20177,INV,EC,0.07276895
20178,INV,EC,0.032387106
20179,INV,EC,-0.002593604
201710,INV,EC,0.019010775
201711,INV,EC,-0.000642726
201712,INV,EC,0.011143127
20181,INV,EC,0.103983394
20182,INV,EC,-0.072383433
20183,INV,EC,-0.042923287
20184,INV,EC,-0.01555008
20185,INV,EC,0.002234494
20186,INV,EC,-0.065987104
20187,INV,EC,0.05285778
20167,INV,ED,0.071533007
20168,INV,ED,0.01869717
20169,INV,ED,-0.007379691
201610,INV,ED,0.033188019
201611,INV,ED,0.049452356
201612,INV,ED,-0.039578904
20171,INV,ED,0.036299378
20172,INV,ED,0.034676137
20173,INV,ED,0.032773823
20174,INV,ED,0.027563696
20175,INV,ED,0.046625685
20176,INV,ED,0.090771532
20177,INV,ED,0.017117172
20178,INV,ED,0.031700816
20179,INV,ED,0.039249005
201710,INV,ED,0.110160019
201711,INV,ED,-0.010323951
201712,INV,ED,0.046843394
20181,INV,ED,0.064143129
20182,INV,ED,-0.03405007
20183,INV,ED,-0.016247054
20184,INV,ED,-0.034996225
20185,INV,ED,0.082182114
20186,INV,ED,-0.048147151
20187,INV,ED,-0.002950623
20167,INV,EE,0.027980045
20168,INV,EE,0.092427592
20169,INV,EE,-0.00660476
201610,INV,EE,0.013734658
201611,INV,EE,0.040399664
201612,INV,EE,-0.063418863
20171,INV,EE,0.013526267
20172,INV,EE,0.042662454
20173,INV,EE,0.031430562
20174,INV,EE,0.034469819
20175,INV,EE,0.000873423
20176,INV,EE,0.107573578
20177,INV,EE,0.06566499
20178,INV,EE,0.029378966
20179,INV,EE,0.034363875
201710,INV,EE,0.053563474
201711,INV,EE,0.023339995
201712,INV,EE,0.029625754
20181,INV,EE,0.08917752
20182,INV,EE,-0.031942465
20183,INV,EE,-0.00834753
20184,INV,EE,-0.051060354
20185,INV,EE,0.003316596
20186,INV,EE,-0.060073822
20187,INV,EE,-0.01472786
